[{"model": "contenttypes.contenttype", "pk": 1, "fields": {"app_label": "admin", "model": "logentry"}}, {"model": "contenttypes.contenttype", "pk": 2, "fields": {"app_label": "auth", "model": "permission"}}, {"model": "contenttypes.contenttype", "pk": 3, "fields": {"app_label": "auth", "model": "group"}}, {"model": "contenttypes.contenttype", "pk": 4, "fields": {"app_label": "auth", "model": "user"}}, {"model": "contenttypes.contenttype", "pk": 5, "fields": {"app_label": "contenttypes", "model": "contenttype"}}, {"model": "contenttypes.contenttype", "pk": 6, "fields": {"app_label": "sessions", "model": "session"}}, {"model": "contenttypes.contenttype", "pk": 7, "fields": {"app_label": "blog", "model": "blogtype"}}, {"model": "contenttypes.contenttype", "pk": 8, "fields": {"app_label": "blog", "model": "blog"}}, {"model": "contenttypes.contenttype", "pk": 9, "fields": {"app_label": "blog", "model": "readnum"}}, {"model": "contenttypes.contenttype", "pk": 10, "fields": {"app_label": "read_statistics", "model": "readnum"}}, {"model": "contenttypes.contenttype", "pk": 11, "fields": {"app_label": "read_statistics", "model": "readdetail"}}, {"model": "contenttypes.contenttype", "pk": 12, "fields": {"app_label": "comment", "model": "comment"}}, {"model": "contenttypes.contenttype", "pk": 13, "fields": {"app_label": "likes", "model": "likecount"}}, {"model": "contenttypes.contenttype", "pk": 14, "fields": {"app_label": "likes", "model": "likerecord"}}, {"model": "contenttypes.contenttype", "pk": 15, "fields": {"app_label": "user", "model": "profile"}}, {"model": "sessions.session", "pk": "5ovtwfzgvhxd9ussboo1323e9kr20mqj", "fields": {"session_data": "ZjUwOTcwNzE2MTM2NjQzMzY5OTAzZTg1M2NlZDQ3NTZiYTk5MzgwNzp7Il9hdXRoX3VzZXJfaWQiOiIxIiwiX2F1dGhfdXNlcl9iYWNrZW5kIjoiZGphbmdvLmNvbnRyaWIuYXV0aC5iYWNrZW5kcy5Nb2RlbEJhY2tlbmQiLCJfYXV0aF91c2VyX2hhc2giOiJkNDIxODdjNjk2MmVhMTNhOWE0NDdkZDJjZWMzNjgyYzM3MjU3MDhmIn0=", "expire_date": "2020-12-12T15:33:49.621Z"}}, {"model": "sessions.session", "pk": "b2o5s6k3nib8uzayijfm92g7ge7g60c6", "fields": {"session_data": "ZjUwOTcwNzE2MTM2NjQzMzY5OTAzZTg1M2NlZDQ3NTZiYTk5MzgwNzp7Il9hdXRoX3VzZXJfaWQiOiIxIiwiX2F1dGhfdXNlcl9iYWNrZW5kIjoiZGphbmdvLmNvbnRyaWIuYXV0aC5iYWNrZW5kcy5Nb2RlbEJhY2tlbmQiLCJfYXV0aF91c2VyX2hhc2giOiJkNDIxODdjNjk2MmVhMTNhOWE0NDdkZDJjZWMzNjgyYzM3MjU3MDhmIn0=", "expire_date": "2020-12-16T09:51:31.821Z"}}, {"model": "sessions.session", "pk": "dk7pxz2vsc0eei673934u7ay4mpmpdpu", "fields": {"session_data": "MjEyNmMzZGMwNTg3MzE0Njg3ZTJjNjMzNGZhOGIzYWYxMTdiMGUxYjp7Il9hdXRoX3VzZXJfaWQiOiIxIiwiX2F1dGhfdXNlcl9iYWNrZW5kIjoiZGphbmdvLmNvbnRyaWIuYXV0aC5iYWNrZW5kcy5Nb2RlbEJhY2tlbmQiLCJfYXV0aF91c2VyX2hhc2giOiJhNDdiMDc3Mzc1MjZhMDc3MjI4N2FlYzRjMzBlY2NjMjg3YTg3NzJiIn0=", "expire_date": "2020-12-17T05:02:08.077Z"}}, {"model": "sessions.session", "pk": "eqwcvzn5mjdnwrt81117j3d2j6oz9265", "fields": {"session_data": "ZjUwOTcwNzE2MTM2NjQzMzY5OTAzZTg1M2NlZDQ3NTZiYTk5MzgwNzp7Il9hdXRoX3VzZXJfaWQiOiIxIiwiX2F1dGhfdXNlcl9iYWNrZW5kIjoiZGphbmdvLmNvbnRyaWIuYXV0aC5iYWNrZW5kcy5Nb2RlbEJhY2tlbmQiLCJfYXV0aF91c2VyX2hhc2giOiJkNDIxODdjNjk2MmVhMTNhOWE0NDdkZDJjZWMzNjgyYzM3MjU3MDhmIn0=", "expire_date": "2020-12-16T08:37:05.380Z"}}, {"model": "sessions.session", "pk": "mzcyt6mlnhn7j8cqxsfuyasx3gu5mrd5", "fields": {"session_data": "MjEyNmMzZGMwNTg3MzE0Njg3ZTJjNjMzNGZhOGIzYWYxMTdiMGUxYjp7Il9hdXRoX3VzZXJfaWQiOiIxIiwiX2F1dGhfdXNlcl9iYWNrZW5kIjoiZGphbmdvLmNvbnRyaWIuYXV0aC5iYWNrZW5kcy5Nb2RlbEJhY2tlbmQiLCJfYXV0aF91c2VyX2hhc2giOiJhNDdiMDc3Mzc1MjZhMDc3MjI4N2FlYzRjMzBlY2NjMjg3YTg3NzJiIn0=", "expire_date": "2020-12-17T05:09:08.262Z"}}, {"model": "sessions.session", "pk": "orvsp2qe26z3a4wav9qvwirv1yjtw50h", "fields": {"session_data": "MzFkM2EwNTM0MGE4ZDk0N2M1NjY2NDgyYTZiZTNjMGY4ODc3ZGIzNjp7fQ==", "expire_date": "2020-12-14T14:23:21.512Z"}}, {"model": "sessions.session", "pk": "pxpw5700ftxhi1c1rij8i4rmpneamycn", "fields": {"session_data": "MjEyNmMzZGMwNTg3MzE0Njg3ZTJjNjMzNGZhOGIzYWYxMTdiMGUxYjp7Il9hdXRoX3VzZXJfaWQiOiIxIiwiX2F1dGhfdXNlcl9iYWNrZW5kIjoiZGphbmdvLmNvbnRyaWIuYXV0aC5iYWNrZW5kcy5Nb2RlbEJhY2tlbmQiLCJfYXV0aF91c2VyX2hhc2giOiJhNDdiMDc3Mzc1MjZhMDc3MjI4N2FlYzRjMzBlY2NjMjg3YTg3NzJiIn0=", "expire_date": "2020-12-16T17:03:02.825Z"}}, {"model": "sessions.session", "pk": "qbbqbnj2yiwwzkj98j7si2a3jxeph0x4", "fields": {"session_data": "ZjUwOTcwNzE2MTM2NjQzMzY5OTAzZTg1M2NlZDQ3NTZiYTk5MzgwNzp7Il9hdXRoX3VzZXJfaWQiOiIxIiwiX2F1dGhfdXNlcl9iYWNrZW5kIjoiZGphbmdvLmNvbnRyaWIuYXV0aC5iYWNrZW5kcy5Nb2RlbEJhY2tlbmQiLCJfYXV0aF91c2VyX2hhc2giOiJkNDIxODdjNjk2MmVhMTNhOWE0NDdkZDJjZWMzNjgyYzM3MjU3MDhmIn0=", "expire_date": "2020-12-16T08:36:43.896Z"}}, {"model": "sessions.session", "pk": "spiu3yscg57rpoueaqcqynculsl8r9ys", "fields": {"session_data": "ZjUwOTcwNzE2MTM2NjQzMzY5OTAzZTg1M2NlZDQ3NTZiYTk5MzgwNzp7Il9hdXRoX3VzZXJfaWQiOiIxIiwiX2F1dGhfdXNlcl9iYWNrZW5kIjoiZGphbmdvLmNvbnRyaWIuYXV0aC5iYWNrZW5kcy5Nb2RlbEJhY2tlbmQiLCJfYXV0aF91c2VyX2hhc2giOiJkNDIxODdjNjk2MmVhMTNhOWE0NDdkZDJjZWMzNjgyYzM3MjU3MDhmIn0=", "expire_date": "2020-12-12T13:21:05.207Z"}}, {"model": "blog.blogtype", "pk": 1, "fields": {"type_name": "django"}}, {"model": "blog.blogtype", "pk": 2, "fields": {"type_name": "\u722c\u866b"}}, {"model": "blog.blogtype", "pk": 3, "fields": {"type_name": "\u9b54\u517d"}}, {"model": "read_statistics.readnum", "pk": 1, "fields": {"read_num": 107, "content_type": 8, "object_id": 36}}, {"model": "read_statistics.readnum", "pk": 2, "fields": {"read_num": 2, "content_type": 8, "object_id": 19}}, {"model": "read_statistics.readnum", "pk": 3, "fields": {"read_num": 5, "content_type": 8, "object_id": 5}}, {"model": "read_statistics.readnum", "pk": 4, "fields": {"read_num": 1, "content_type": 8, "object_id": 6}}, {"model": "read_statistics.readnum", "pk": 5, "fields": {"read_num": 1, "content_type": 8, "object_id": 2}}, {"model": "read_statistics.readnum", "pk": 6, "fields": {"read_num": 5, "content_type": 8, "object_id": 33}}, {"model": "read_statistics.readnum", "pk": 7, "fields": {"read_num": 3, "content_type": 8, "object_id": 31}}, {"model": "read_statistics.readnum", "pk": 8, "fields": {"read_num": 4, "content_type": 8, "object_id": 29}}, {"model": "read_statistics.readnum", "pk": 9, "fields": {"read_num": 4, "content_type": 8, "object_id": 30}}, {"model": "read_statistics.readnum", "pk": 10, "fields": {"read_num": 1, "content_type": 8, "object_id": 24}}, {"model": "read_statistics.readnum", "pk": 11, "fields": {"read_num": 4, "content_type": 8, "object_id": 32}}, {"model": "read_statistics.readnum", "pk": 12, "fields": {"read_num": 3, "content_type": 8, "object_id": 28}}, {"model": "read_statistics.readnum", "pk": 13, "fields": {"read_num": 5, "content_type": 8, "object_id": 20}}, {"model": "read_statistics.readnum", "pk": 14, "fields": {"read_num": 2, "content_type": 8, "object_id": 18}}, {"model": "read_statistics.readnum", "pk": 15, "fields": {"read_num": 1, "content_type": 8, "object_id": 4}}, {"model": "read_statistics.readnum", "pk": 16, "fields": {"read_num": 1, "content_type": 8, "object_id": 1}}, {"model": "read_statistics.readnum", "pk": 17, "fields": {"read_num": 1, "content_type": 8, "object_id": 21}}, {"model": "read_statistics.readnum", "pk": 18, "fields": {"read_num": 1, "content_type": 8, "object_id": 3}}, {"model": "read_statistics.readnum", "pk": 19, "fields": {"read_num": 1, "content_type": 8, "object_id": 27}}, {"model": "read_statistics.readnum", "pk": 20, "fields": {"read_num": 1, "content_type": 8, "object_id": 26}}, {"model": "read_statistics.readnum", "pk": 21, "fields": {"read_num": 1, "content_type": 8, "object_id": 25}}, {"model": "read_statistics.readdetail", "pk": 1, "fields": {"date": "2020-11-28", "read_num": 101, "content_type": 8, "object_id": 36}}, {"model": "read_statistics.readdetail", "pk": 2, "fields": {"date": "2020-11-29", "read_num": 1, "content_type": 8, "object_id": 30}}, {"model": "read_statistics.readdetail", "pk": 3, "fields": {"date": "2020-11-29", "read_num": 1, "content_type": 8, "object_id": 19}}, {"model": "read_statistics.readdetail", "pk": 4, "fields": {"date": "2020-11-29", "read_num": 1, "content_type": 8, "object_id": 24}}, {"model": "read_statistics.readdetail", "pk": 5, "fields": {"date": "2020-11-29", "read_num": 1, "content_type": 8, "object_id": 32}}, {"model": "read_statistics.readdetail", "pk": 6, "fields": {"date": "2020-11-29", "read_num": 1, "content_type": 8, "object_id": 28}}, {"model": "read_statistics.readdetail", "pk": 7, "fields": {"date": "2020-11-29", "read_num": 1, "content_type": 8, "object_id": 20}}, {"model": "read_statistics.readdetail", "pk": 8, "fields": {"date": "2020-11-29", "read_num": 1, "content_type": 8, "object_id": 18}}, {"model": "read_statistics.readdetail", "pk": 9, "fields": {"date": "2020-11-30", "read_num": 1, "content_type": 8, "object_id": 33}}, {"model": "read_statistics.readdetail", "pk": 10, "fields": {"date": "2020-11-30", "read_num": 1, "content_type": 8, "object_id": 29}}, {"model": "read_statistics.readdetail", "pk": 11, "fields": {"date": "2020-11-30", "read_num": 1, "content_type": 8, "object_id": 36}}, {"model": "read_statistics.readdetail", "pk": 12, "fields": {"date": "2020-11-30", "read_num": 1, "content_type": 8, "object_id": 5}}, {"model": "read_statistics.readdetail", "pk": 13, "fields": {"date": "2020-11-30", "read_num": 1, "content_type": 8, "object_id": 18}}, {"model": "read_statistics.readdetail", "pk": 14, "fields": {"date": "2020-11-30", "read_num": 1, "content_type": 8, "object_id": 20}}, {"model": "read_statistics.readdetail", "pk": 15, "fields": {"date": "2020-11-30", "read_num": 1, "content_type": 8, "object_id": 28}}, {"model": "read_statistics.readdetail", "pk": 16, "fields": {"date": "2020-11-30", "read_num": 1, "content_type": 8, "object_id": 32}}, {"model": "read_statistics.readdetail", "pk": 17, "fields": {"date": "2020-11-30", "read_num": 1, "content_type": 8, "object_id": 31}}, {"model": "read_statistics.readdetail", "pk": 18, "fields": {"date": "2020-11-30", "read_num": 1, "content_type": 8, "object_id": 4}}, {"model": "read_statistics.readdetail", "pk": 19, "fields": {"date": "2020-11-30", "read_num": 1, "content_type": 8, "object_id": 1}}, {"model": "read_statistics.readdetail", "pk": 20, "fields": {"date": "2020-12-01", "read_num": 2, "content_type": 8, "object_id": 29}}, {"model": "read_statistics.readdetail", "pk": 21, "fields": {"date": "2020-12-01", "read_num": 3, "content_type": 8, "object_id": 20}}, {"model": "read_statistics.readdetail", "pk": 22, "fields": {"date": "2020-12-01", "read_num": 1, "content_type": 8, "object_id": 21}}, {"model": "read_statistics.readdetail", "pk": 23, "fields": {"date": "2020-12-01", "read_num": 2, "content_type": 8, "object_id": 33}}, {"model": "read_statistics.readdetail", "pk": 24, "fields": {"date": "2020-12-01", "read_num": 2, "content_type": 8, "object_id": 36}}, {"model": "read_statistics.readdetail", "pk": 25, "fields": {"date": "2020-12-01", "read_num": 1, "content_type": 8, "object_id": 32}}, {"model": "read_statistics.readdetail", "pk": 26, "fields": {"date": "2020-12-01", "read_num": 1, "content_type": 8, "object_id": 5}}, {"model": "read_statistics.readdetail", "pk": 27, "fields": {"date": "2020-12-01", "read_num": 1, "content_type": 8, "object_id": 3}}, {"model": "read_statistics.readdetail", "pk": 28, "fields": {"date": "2020-12-01", "read_num": 1, "content_type": 8, "object_id": 30}}, {"model": "read_statistics.readdetail", "pk": 29, "fields": {"date": "2020-12-01", "read_num": 1, "content_type": 8, "object_id": 31}}, {"model": "read_statistics.readdetail", "pk": 30, "fields": {"date": "2020-12-01", "read_num": 1, "content_type": 8, "object_id": 28}}, {"model": "read_statistics.readdetail", "pk": 31, "fields": {"date": "2020-12-01", "read_num": 1, "content_type": 8, "object_id": 27}}, {"model": "read_statistics.readdetail", "pk": 32, "fields": {"date": "2020-12-01", "read_num": 1, "content_type": 8, "object_id": 26}}, {"model": "read_statistics.readdetail", "pk": 33, "fields": {"date": "2020-12-01", "read_num": 1, "content_type": 8, "object_id": 25}}, {"model": "read_statistics.readdetail", "pk": 34, "fields": {"date": "2020-12-02", "read_num": 2, "content_type": 8, "object_id": 36}}, {"model": "read_statistics.readdetail", "pk": 35, "fields": {"date": "2020-12-02", "read_num": 1, "content_type": 8, "object_id": 33}}, {"model": "read_statistics.readdetail", "pk": 36, "fields": {"date": "2020-12-02", "read_num": 1, "content_type": 8, "object_id": 32}}, {"model": "read_statistics.readdetail", "pk": 37, "fields": {"date": "2020-12-02", "read_num": 1, "content_type": 8, "object_id": 5}}, {"model": "read_statistics.readdetail", "pk": 38, "fields": {"date": "2020-12-03", "read_num": 1, "content_type": 8, "object_id": 36}}, {"model": "likes.likecount", "pk": 1, "fields": {"content_type": 8, "object_id": 36, "liked_num": 1}}, {"model": "likes.likecount", "pk": 2, "fields": {"content_type": 8, "object_id": 33, "liked_num": 1}}, {"model": "likes.likecount", "pk": 3, "fields": {"content_type": 8, "object_id": 30, "liked_num": 1}}, {"model": "likes.likecount", "pk": 4, "fields": {"content_type": 8, "object_id": 32, "liked_num": 1}}, {"model": "likes.likecount", "pk": 5, "fields": {"content_type": 8, "object_id": 31, "liked_num": 1}}, {"model": "likes.likecount", "pk": 6, "fields": {"content_type": 8, "object_id": 29, "liked_num": 1}}, {"model": "likes.likecount", "pk": 7, "fields": {"content_type": 8, "object_id": 28, "liked_num": 0}}, {"model": "likes.likecount", "pk": 8, "fields": {"content_type": 8, "object_id": 27, "liked_num": 0}}, {"model": "likes.likecount", "pk": 9, "fields": {"content_type": 8, "object_id": 26, "liked_num": 0}}, {"model": "likes.likecount", "pk": 10, "fields": {"content_type": 8, "object_id": 25, "liked_num": 1}}, {"model": "likes.likecount", "pk": 11, "fields": {"content_type": 12, "object_id": 86, "liked_num": 1}}, {"model": "likes.likecount", "pk": 12, "fields": {"content_type": 12, "object_id": 87, "liked_num": 1}}, {"model": "likes.likecount", "pk": 13, "fields": {"content_type": 12, "object_id": 88, "liked_num": 1}}, {"model": "likes.likecount", "pk": 14, "fields": {"content_type": 12, "object_id": 89, "liked_num": 1}}, {"model": "likes.likecount", "pk": 15, "fields": {"content_type": 12, "object_id": 117, "liked_num": 1}}, {"model": "likes.likecount", "pk": 16, "fields": {"content_type": 12, "object_id": 80, "liked_num": 0}}, {"model": "likes.likecount", "pk": 17, "fields": {"content_type": 12, "object_id": 81, "liked_num": 0}}, {"model": "likes.likecount", "pk": 18, "fields": {"content_type": 12, "object_id": 82, "liked_num": 0}}, {"model": "likes.likecount", "pk": 19, "fields": {"content_type": 12, "object_id": 83, "liked_num": 1}}, {"model": "likes.likecount", "pk": 20, "fields": {"content_type": 12, "object_id": 84, "liked_num": 0}}, {"model": "likes.likecount", "pk": 21, "fields": {"content_type": 12, "object_id": 78, "liked_num": 0}}, {"model": "likes.likecount", "pk": 22, "fields": {"content_type": 12, "object_id": 79, "liked_num": 0}}, {"model": "likes.likecount", "pk": 23, "fields": {"content_type": 12, "object_id": 77, "liked_num": 0}}, {"model": "likes.likecount", "pk": 24, "fields": {"content_type": 12, "object_id": 11, "liked_num": 0}}, {"model": "likes.likecount", "pk": 25, "fields": {"content_type": 12, "object_id": 10, "liked_num": 0}}, {"model": "likes.likecount", "pk": 26, "fields": {"content_type": 12, "object_id": 9, "liked_num": 0}}, {"model": "likes.likecount", "pk": 27, "fields": {"content_type": 12, "object_id": 8, "liked_num": 0}}, {"model": "likes.likecount", "pk": 28, "fields": {"content_type": 12, "object_id": 7, "liked_num": 0}}, {"model": "likes.likecount", "pk": 29, "fields": {"content_type": 12, "object_id": 6, "liked_num": 0}}, {"model": "likes.likecount", "pk": 30, "fields": {"content_type": 12, "object_id": 118, "liked_num": 1}}, {"model": "likes.likecount", "pk": 31, "fields": {"content_type": 12, "object_id": 119, "liked_num": 1}}, {"model": "likes.likecount", "pk": 32, "fields": {"content_type": 12, "object_id": 60, "liked_num": 0}}, {"model": "likes.likecount", "pk": 33, "fields": {"content_type": 12, "object_id": 120, "liked_num": 1}}, {"model": "likes.likecount", "pk": 34, "fields": {"content_type": 12, "object_id": 121, "liked_num": 1}}, {"model": "likes.likecount", "pk": 35, "fields": {"content_type": 12, "object_id": 122, "liked_num": 1}}, {"model": "likes.likecount", "pk": 36, "fields": {"content_type": 12, "object_id": 123, "liked_num": 1}}, {"model": "likes.likecount", "pk": 37, "fields": {"content_type": 12, "object_id": 124, "liked_num": 0}}, {"model": "likes.likecount", "pk": 38, "fields": {"content_type": 12, "object_id": 5, "liked_num": 0}}, {"model": "likes.likecount", "pk": 39, "fields": {"content_type": 12, "object_id": 4, "liked_num": 0}}, {"model": "likes.likecount", "pk": 40, "fields": {"content_type": 12, "object_id": 3, "liked_num": 0}}, {"model": "likes.likecount", "pk": 41, "fields": {"content_type": 12, "object_id": 2, "liked_num": 0}}, {"model": "likes.likecount", "pk": 42, "fields": {"content_type": 8, "object_id": 5, "liked_num": 0}}, {"model": "likes.likecount", "pk": 43, "fields": {"content_type": 8, "object_id": 3, "liked_num": 0}}, {"model": "likes.likecount", "pk": 44, "fields": {"content_type": 8, "object_id": 2, "liked_num": 0}}, {"model": "likes.likecount", "pk": 45, "fields": {"content_type": 12, "object_id": 92, "liked_num": 0}}, {"model": "likes.likecount", "pk": 46, "fields": {"content_type": 12, "object_id": 93, "liked_num": 0}}, {"model": "likes.likecount", "pk": 47, "fields": {"content_type": 12, "object_id": 94, "liked_num": 0}}, {"model": "likes.likecount", "pk": 48, "fields": {"content_type": 12, "object_id": 95, "liked_num": 0}}, {"model": "likes.likecount", "pk": 49, "fields": {"content_type": 12, "object_id": 96, "liked_num": 0}}, {"model": "likes.likecount", "pk": 50, "fields": {"content_type": 12, "object_id": 97, "liked_num": 0}}, {"model": "likes.likecount", "pk": 51, "fields": {"content_type": 12, "object_id": 98, "liked_num": 0}}, {"model": "likes.likecount", "pk": 52, "fields": {"content_type": 12, "object_id": 99, "liked_num": 0}}, {"model": "likes.likecount", "pk": 53, "fields": {"content_type": 12, "object_id": 100, "liked_num": 0}}, {"model": "likes.likecount", "pk": 54, "fields": {"content_type": 12, "object_id": 101, "liked_num": 0}}, {"model": "likes.likecount", "pk": 55, "fields": {"content_type": 12, "object_id": 102, "liked_num": 0}}, {"model": "likes.likecount", "pk": 56, "fields": {"content_type": 12, "object_id": 103, "liked_num": 0}}, {"model": "likes.likecount", "pk": 57, "fields": {"content_type": 12, "object_id": 104, "liked_num": 0}}, {"model": "likes.likecount", "pk": 58, "fields": {"content_type": 12, "object_id": 105, "liked_num": 0}}, {"model": "likes.likecount", "pk": 59, "fields": {"content_type": 12, "object_id": 106, "liked_num": 0}}, {"model": "likes.likecount", "pk": 60, "fields": {"content_type": 12, "object_id": 91, "liked_num": 0}}, {"model": "likes.likecount", "pk": 61, "fields": {"content_type": 12, "object_id": 90, "liked_num": 0}}, {"model": "likes.likecount", "pk": 62, "fields": {"content_type": 12, "object_id": 125, "liked_num": 0}}, {"model": "likes.likecount", "pk": 63, "fields": {"content_type": 12, "object_id": 126, "liked_num": 0}}, {"model": "likes.likecount", "pk": 64, "fields": {"content_type": 12, "object_id": 127, "liked_num": 0}}, {"model": "likes.likecount", "pk": 65, "fields": {"content_type": 12, "object_id": 128, "liked_num": 0}}, {"model": "likes.likecount", "pk": 66, "fields": {"content_type": 12, "object_id": 129, "liked_num": 0}}, {"model": "likes.likecount", "pk": 67, "fields": {"content_type": 12, "object_id": 130, "liked_num": 0}}, {"model": "likes.likecount", "pk": 68, "fields": {"content_type": 12, "object_id": 131, "liked_num": 0}}, {"model": "likes.likecount", "pk": 69, "fields": {"content_type": 12, "object_id": 132, "liked_num": 0}}, {"model": "likes.likecount", "pk": 70, "fields": {"content_type": 12, "object_id": 133, "liked_num": 0}}, {"model": "likes.likecount", "pk": 71, "fields": {"content_type": 12, "object_id": 135, "liked_num": 0}}, {"model": "likes.likecount", "pk": 72, "fields": {"content_type": 12, "object_id": 134, "liked_num": 0}}, {"model": "likes.likecount", "pk": 73, "fields": {"content_type": 12, "object_id": 136, "liked_num": 0}}, {"model": "likes.likecount", "pk": 74, "fields": {"content_type": 12, "object_id": 137, "liked_num": 0}}, {"model": "auth.permission", "pk": 1, "fields": {"name": "Can add log entry", "content_type": 1, "codename": "add_logentry"}}, {"model": "auth.permission", "pk": 2, "fields": {"name": "Can change log entry", "content_type": 1, "codename": "change_logentry"}}, {"model": "auth.permission", "pk": 3, "fields": {"name": "Can delete log entry", "content_type": 1, "codename": "delete_logentry"}}, {"model": "auth.permission", "pk": 4, "fields": {"name": "Can view log entry", "content_type": 1, "codename": "view_logentry"}}, {"model": "auth.permission", "pk": 5, "fields": {"name": "Can add permission", "content_type": 2, "codename": "add_permission"}}, {"model": "auth.permission", "pk": 6, "fields": {"name": "Can change permission", "content_type": 2, "codename": "change_permission"}}, {"model": "auth.permission", "pk": 7, "fields": {"name": "Can delete permission", "content_type": 2, "codename": "delete_permission"}}, {"model": "auth.permission", "pk": 8, "fields": {"name": "Can view permission", "content_type": 2, "codename": "view_permission"}}, {"model": "auth.permission", "pk": 9, "fields": {"name": "Can add group", "content_type": 3, "codename": "add_group"}}, {"model": "auth.permission", "pk": 10, "fields": {"name": "Can change group", "content_type": 3, "codename": "change_group"}}, {"model": "auth.permission", "pk": 11, "fields": {"name": "Can delete group", "content_type": 3, "codename": "delete_group"}}, {"model": "auth.permission", "pk": 12, "fields": {"name": "Can view group", "content_type": 3, "codename": "view_group"}}, {"model": "auth.permission", "pk": 13, "fields": {"name": "Can add user", "content_type": 4, "codename": "add_user"}}, {"model": "auth.permission", "pk": 14, "fields": {"name": "Can change user", "content_type": 4, "codename": "change_user"}}, {"model": "auth.permission", "pk": 15, "fields": {"name": "Can delete user", "content_type": 4, "codename": "delete_user"}}, {"model": "auth.permission", "pk": 16, "fields": {"name": "Can view user", "content_type": 4, "codename": "view_user"}}, {"model": "auth.permission", "pk": 17, "fields": {"name": "Can add content type", "content_type": 5, "codename": "add_contenttype"}}, {"model": "auth.permission", "pk": 18, "fields": {"name": "Can change content type", "content_type": 5, "codename": "change_contenttype"}}, {"model": "auth.permission", "pk": 19, "fields": {"name": "Can delete content type", "content_type": 5, "codename": "delete_contenttype"}}, {"model": "auth.permission", "pk": 20, "fields": {"name": "Can view content type", "content_type": 5, "codename": "view_contenttype"}}, {"model": "auth.permission", "pk": 21, "fields": {"name": "Can add session", "content_type": 6, "codename": "add_session"}}, {"model": "auth.permission", "pk": 22, "fields": {"name": "Can change session", "content_type": 6, "codename": "change_session"}}, {"model": "auth.permission", "pk": 23, "fields": {"name": "Can delete session", "content_type": 6, "codename": "delete_session"}}, {"model": "auth.permission", "pk": 24, "fields": {"name": "Can view session", "content_type": 6, "codename": "view_session"}}, {"model": "auth.permission", "pk": 25, "fields": {"name": "Can add blog type", "content_type": 7, "codename": "add_blogtype"}}, {"model": "auth.permission", "pk": 26, "fields": {"name": "Can change blog type", "content_type": 7, "codename": "change_blogtype"}}, {"model": "auth.permission", "pk": 27, "fields": {"name": "Can delete blog type", "content_type": 7, "codename": "delete_blogtype"}}, {"model": "auth.permission", "pk": 28, "fields": {"name": "Can view blog type", "content_type": 7, "codename": "view_blogtype"}}, {"model": "auth.permission", "pk": 29, "fields": {"name": "Can add blog", "content_type": 8, "codename": "add_blog"}}, {"model": "auth.permission", "pk": 30, "fields": {"name": "Can change blog", "content_type": 8, "codename": "change_blog"}}, {"model": "auth.permission", "pk": 31, "fields": {"name": "Can delete blog", "content_type": 8, "codename": "delete_blog"}}, {"model": "auth.permission", "pk": 32, "fields": {"name": "Can view blog", "content_type": 8, "codename": "view_blog"}}, {"model": "auth.permission", "pk": 33, "fields": {"name": "Can add read num", "content_type": 9, "codename": "add_readnum"}}, {"model": "auth.permission", "pk": 34, "fields": {"name": "Can change read num", "content_type": 9, "codename": "change_readnum"}}, {"model": "auth.permission", "pk": 35, "fields": {"name": "Can delete read num", "content_type": 9, "codename": "delete_readnum"}}, {"model": "auth.permission", "pk": 36, "fields": {"name": "Can view read num", "content_type": 9, "codename": "view_readnum"}}, {"model": "auth.permission", "pk": 37, "fields": {"name": "Can add read num", "content_type": 10, "codename": "add_readnum"}}, {"model": "auth.permission", "pk": 38, "fields": {"name": "Can change read num", "content_type": 10, "codename": "change_readnum"}}, {"model": "auth.permission", "pk": 39, "fields": {"name": "Can delete read num", "content_type": 10, "codename": "delete_readnum"}}, {"model": "auth.permission", "pk": 40, "fields": {"name": "Can view read num", "content_type": 10, "codename": "view_readnum"}}, {"model": "auth.permission", "pk": 41, "fields": {"name": "Can add read detail", "content_type": 11, "codename": "add_readdetail"}}, {"model": "auth.permission", "pk": 42, "fields": {"name": "Can change read detail", "content_type": 11, "codename": "change_readdetail"}}, {"model": "auth.permission", "pk": 43, "fields": {"name": "Can delete read detail", "content_type": 11, "codename": "delete_readdetail"}}, {"model": "auth.permission", "pk": 44, "fields": {"name": "Can view read detail", "content_type": 11, "codename": "view_readdetail"}}, {"model": "auth.permission", "pk": 45, "fields": {"name": "Can add comment", "content_type": 12, "codename": "add_comment"}}, {"model": "auth.permission", "pk": 46, "fields": {"name": "Can change comment", "content_type": 12, "codename": "change_comment"}}, {"model": "auth.permission", "pk": 47, "fields": {"name": "Can delete comment", "content_type": 12, "codename": "delete_comment"}}, {"model": "auth.permission", "pk": 48, "fields": {"name": "Can view comment", "content_type": 12, "codename": "view_comment"}}, {"model": "auth.permission", "pk": 49, "fields": {"name": "Can add like count", "content_type": 13, "codename": "add_likecount"}}, {"model": "auth.permission", "pk": 50, "fields": {"name": "Can change like count", "content_type": 13, "codename": "change_likecount"}}, {"model": "auth.permission", "pk": 51, "fields": {"name": "Can delete like count", "content_type": 13, "codename": "delete_likecount"}}, {"model": "auth.permission", "pk": 52, "fields": {"name": "Can view like count", "content_type": 13, "codename": "view_likecount"}}, {"model": "auth.permission", "pk": 53, "fields": {"name": "Can add like record", "content_type": 14, "codename": "add_likerecord"}}, {"model": "auth.permission", "pk": 54, "fields": {"name": "Can change like record", "content_type": 14, "codename": "change_likerecord"}}, {"model": "auth.permission", "pk": 55, "fields": {"name": "Can delete like record", "content_type": 14, "codename": "delete_likerecord"}}, {"model": "auth.permission", "pk": 56, "fields": {"name": "Can view like record", "content_type": 14, "codename": "view_likerecord"}}, {"model": "auth.permission", "pk": 57, "fields": {"name": "Can add profile", "content_type": 15, "codename": "add_profile"}}, {"model": "auth.permission", "pk": 58, "fields": {"name": "Can change profile", "content_type": 15, "codename": "change_profile"}}, {"model": "auth.permission", "pk": 59, "fields": {"name": "Can delete profile", "content_type": 15, "codename": "delete_profile"}}, {"model": "auth.permission", "pk": 60, "fields": {"name": "Can view profile", "content_type": 15, "codename": "view_profile"}}, {"model": "auth.user", "pk": 1, "fields": {"password": "pbkdf2_sha256$120000$X0Hwzcl6N9sO$lzjQBa8OsqHB+RK302zCRl/5DEjgkW0esVIMhccB1EE=", "last_login": "2020-12-03T05:09:08.189Z", "is_superuser": true, "username": "zzz", "first_name": "", "last_name": "", "email": "1451843426@qq.com", "is_staff": true, "is_active": true, "date_joined": "2020-11-28T13:15:59.311Z", "groups": [], "user_permissions": []}}, {"model": "auth.user", "pk": 2, "fields": {"password": "pbkdf2_sha256$120000$g28I0Znxi3fE$ul0YPO9cLz83IRVQcxn/u2tWOKJ7FTzvv8Va+Brwqqw=", "last_login": "2020-12-02T15:41:00Z", "is_superuser": false, "username": "zds", "first_name": "", "last_name": "", "email": "", "is_staff": false, "is_active": true, "date_joined": "2020-11-30T15:37:00Z", "groups": [], "user_permissions": []}}, {"model": "auth.user", "pk": 3, "fields": {"password": "pbkdf2_sha256$120000$WDX8ziBYVZx1$jyY7HZpr5fc328ag/EJeJg61xDFQnY+KCk4ShIE8lQc=", "last_login": "2020-12-02T12:25:00Z", "is_superuser": false, "username": "zdsssss", "first_name": "", "last_name": "", "email": "", "is_staff": false, "is_active": true, "date_joined": "2020-12-02T12:25:00Z", "groups": [], "user_permissions": []}}, {"model": "auth.user", "pk": 4, "fields": {"password": "pbkdf2_sha256$120000$7estDPKq1sf0$iKEtj3HsbjczAxv+8fmNXzG4PHW09zwd9k6WujJAKI4=", "last_login": "2020-12-02T13:21:27.450Z", "is_superuser": false, "username": "zxc", "first_name": "", "last_name": "", "email": "111@163.com", "is_staff": false, "is_active": true, "date_joined": "2020-12-02T13:21:27.122Z", "groups": [], "user_permissions": []}}, {"model": "auth.user", "pk": 6, "fields": {"password": "pbkdf2_sha256$120000$rT2eheQeKSM1$xm2NGcqZkmjY7UMPbAK6hU0TLFKrvMP6YlFlc/KWK5Y=", "last_login": "2020-12-02T15:49:13.476Z", "is_superuser": false, "username": "DDD", "first_name": "", "last_name": "", "email": "cy8tfud3m@163.com", "is_staff": false, "is_active": true, "date_joined": "2020-12-02T15:49:13.149Z", "groups": [], "user_permissions": []}}, {"model": "blog.blog", "pk": 1, "fields": {"title": "\u5173\u4e8ejs\u53cd\u6df7\u6dc6", "blog_type": 1, "content": "<h1>\u6c14\u6c1b\u662f\u4e2a\u4eba\u4e5f\u5976\u4e0d\u5230\uff0c\u8c01\u77e5\u9053\u5462\uff0c\u6211\u4e0d\u77e5\u9053\u6211\u662f\u4e0d\u662f\u82f1\u96c4</h1>\r\n\r\n<p><img alt=\"\" src=\"/media/upload/2020/11/29/2.jpg\" style=\"width:1080px\" /></p>", "author": 1, "created_time": "2020-11-28T13:21:47.725Z", "last_updated_time": "2020-11-29T08:45:58.910Z"}}, {"model": "blog.blog", "pk": 2, "fields": {"title": "\u722c\u866b\u7c7b\u522b", "blog_type": 2, "content": "FCs BGF MHJG V", "author": 1, "created_time": "2020-11-28T13:24:44.156Z", "last_updated_time": "2020-11-28T13:24:44.156Z"}}, {"model": "blog.blog", "pk": 3, "fields": {"title": "\u963f\u5404\u6253\u4e2aVB", "blog_type": 2, "content": "\u963f\u5973\u662f\u771f\u7684\u4e0d\u674e\u5f00NX\u79bb\u5f00\u4f60LNNL\u5feb\u5f00\u5927\u4e86\u6d17\u8111\u4e86\u54ea\u91cc\u80fd\u5439\u5587\u53edNBNLFBVLANBKLBN\u6743\u5a1c\u62c9cNLNFLAE\u62ff\u4e0d\u4e86\u653e\u725b\u73ed \u4f60\u4fe9NFALKCDNL\u4f60LKNL\u90a3\u4efd", "author": 1, "created_time": "2020-11-28T13:56:27.396Z", "last_updated_time": "2020-11-28T13:56:27.396Z"}}, {"model": "blog.blog", "pk": 4, "fields": {"title": "\u957f\u5185\u5bb9\u6d4b\u8bd5", "blog_type": 1, "content": "\u5965\u5c71\u8bd5\u8bd5\u6240\u6240\u6240\u6240\u6240\u6240\u6240\u6240\u6240\u6240\u6240\u6240\u6240\u6240\u6240\u6240\u6240\u6240\u6240\u6240\u6240\u6240\u6240\u6240\u6240\u6240\u6240\u6240\u6240\u6240\u6240\u6240\u6240\u6240\u6240\u6240\u6240\u6240\u6240\u6240\u6240\u6240\u6240\u6240\u6240\r\n\u5965\u5c71\u8bd5\u8bd5\u6240\u6240\u6240\u6240\u6240\u6240\u6240\u6240\u6240\u6240\u6240\u6240\u6240\u6240\u6240\u6240\u6240\u6240\u6240\u6240\u6240\u6240\u6240\u6240\u6240\u6240\u6240\u6240\u6240\u6240\u6240\u6240\u6240\u6240\u6240\u6240\u6240\u6240\u6240\u6240\u6240\u6240\u6240\u6240\u6240\r\n\u5965\u5c71\u8bd5\u8bd5\u6240\u6240\u6240\u6240\u6240\u6240\u6240\u6240\u6240\u6240\u6240\u6240\u6240\u6240\u6240\u6240\u6240\u6240\u6240\u6240\u6240\u6240\u6240\u6240\u6240\u6240\u6240\u6240\u6240\u6240\u6240\u6240\u6240\u6240\u6240\u6240\u6240\u6240\u6240\u6240\u6240\u6240\u6240\u6240\u6240\r\n\u5965\u5c71\u8bd5\u8bd5\u6240\u6240\u6240\u6240\u6240\u6240\u6240\u6240\u6240\u6240\u6240\u6240\u6240\u6240\u6240\u6240\u6240\u6240\u6240\u6240\u6240\u6240\u6240\u6240\u6240\u6240\u6240\u6240\u6240\u6240\u6240\u6240\u6240\u6240\u6240\u6240\u6240\u6240\u6240\u6240\u6240\u6240\u6240\u6240\u6240\u5965\u5c71\u8bd5\u8bd5\u6240\u6240\u6240\u6240\u6240\u6240\u6240\u6240\u6240\u6240\u6240\u6240\u6240\u6240\u6240\u6240\u6240\u6240\u6240\u6240\u6240\u6240\u6240\u6240\u6240\u6240\u6240\u6240\u6240\u6240\u6240\u6240\u6240\u6240\u6240\u6240\u6240\u6240\u6240\u6240\u6240\u6240\u6240\u6240\u6240\r\n\u5965\u5c71\u8bd5\u8bd5\u6240\u6240\u6240\u6240\u6240\u6240\u6240\u6240\u6240\u6240\u6240\u6240\u6240\u6240\u6240\u6240\u6240\u6240\u6240\u6240\u6240\u6240\u6240\u6240\u6240\u6240\u6240\u6240\u6240\u6240\u6240\u6240\u6240\u6240\u6240\u6240\u6240\u6240\u6240\u6240\u6240\u6240\u6240\u6240\u6240\r\n\u5965\u5c71\u8bd5\u8bd5\u6240\u6240\u6240\u6240\u6240\u6240\u6240\u6240\u6240\u6240\u6240\u6240\u6240\u6240\u6240\u6240\u6240\u6240\u6240\u6240\u6240\u6240\u6240\u6240\u6240\u6240\u6240\u6240\u6240\u6240\u6240\u6240\u6240\u6240\u6240\u6240\u6240\u6240\u6240\u6240\u6240\u6240\u6240\u6240\u6240\u5965\u5c71\u8bd5\u8bd5\u6240\u6240\u6240\u6240\u6240\u6240\u6240\u6240\u6240\u6240\u6240\u6240\u6240\u6240\u6240\u6240\u6240\u6240\u6240\u6240\u6240\u6240\u6240\u6240\u6240\u6240\u6240\u6240\u6240\u6240\u6240\u6240\u6240\u6240\u6240\u6240\u6240\u6240\u6240\u6240\u6240\u6240\u6240\u6240\u6240\u5965\u5c71\u8bd5\u8bd5\u6240\u6240\u6240\u6240\u6240\u6240\u6240\u6240\u6240\u6240\u6240\u6240\u6240\u6240\u6240\u6240\u6240\u6240\u6240\u6240\u6240\u6240\u6240\u6240\u6240\u6240\u6240\u6240\u6240\u6240\u6240\u6240\u6240\u6240\u6240\u6240\u6240\u6240\u6240\u6240\u6240\u6240\u6240\u6240\u6240\u5965\u5c71\u8bd5\u8bd5\u6240\u6240\u6240\u6240\u6240\u6240\u6240\u6240\u6240\u6240\u6240\u6240\u6240\u6240\u6240\u6240\u6240\u6240\u6240\u6240\u6240\u6240\u6240\u6240\u6240\u6240\u6240\u6240\u6240\u6240\u6240\u6240\u6240\u6240\u6240\u6240\u6240\u6240\u6240\u6240\u6240\u6240\u6240\u6240\u6240", "author": 1, "created_time": "2020-11-28T14:08:59.599Z", "last_updated_time": "2020-11-28T14:08:59.599Z"}}, {"model": "blog.blog", "pk": 5, "fields": {"title": "chang\u5185\u5bb9\u6d4b\u8bd5", "blog_type": 2, "content": "\u54c8\u54c8\u54c8\u54c8\u54c8\u54c8\u54c8\u54c8\u54c8\u54c8\u54c8\u6216\u6216\u6216\u6216\u6216\u6216\u6216\u6216\u6216\u6216\u6216\u6216\u6216\u6216\u6216\u6216\u6216\u6216\u6216\u6216\u6216\u6216\u6216\u6216\u6216\u6216\u6216\u54c8\u54c8\u54c8\u54c8\u54c8\u54c8\u54c8\u54c8\u54c8\u54c8\u54c8\u6216\u6216\u6216\u6216\u6216\u6216\u6216\u6216\u6216\u6216\u6216\u6216\u6216\u6216\u6216\u6216\u6216\u6216\u6216\u6216\u6216\u6216\u6216\u6216\u6216\u6216\u6216\u6216\u6216\u6216\u6216\u6216\u6216\u6216\u6216\u6216\u54c8\u54c8\u54c8\u54c8\u54c8\u54c8\u54c8\u54c8\u54c8\u54c8\u54c8\u6216\u6216\u6216\u6216\u6216\u6216\u6216\u6216\u6216\u6216\u6216\u6216\u6216\u6216\u6216\u6216\u6216\u6216\u6216\u6216\u6216\u6216\u6216\u6216\u6216\u6216\u6216\u6216\u6216\u6216\u6216\u6216\u6216\u6216\u54c8\u54c8\u54c8\u54c8\u54c8\u54c8\u54c8\u54c8\u54c8\u54c8\u54c8\u6216\u6216\u6216\u6216\u6216\u6216\u6216\u6216\u6216\u6216\u6216\u6216\u6216\u6216\u6216\u6216\u6216\u6216\u6216\u6216\u6216\u6216\u6216\u6216\u6216\u54c8\u54c8\u54c8\u54c8\u54c8\u54c8\u54c8\u54c8\u54c8\u54c8\u54c8\u6216\u6216\u6216\u6216\u6216\u6216\u6216\u6216\u6216\u6216\u6216\u6216\u6216\u6216\u6216\u6216\u6216\u6216\u6216\u6216\u6216\u6216\u6216\u6216\u6216\u6216\u6216\u54c8\u54c8\u54c8\u54c8\u54c8\u54c8\u54c8\u54c8\u54c8\u54c8\u54c8\u6216\u6216\u6216\u6216\u6216\u6216\u6216\u6216\u6216\u6216\u6216\u6216\u6216\u6216\u6216\u6216\u6216\u6216\u6216\u6216\u6216\u6216\u6216\u6216\u6216\u6216\u6216\u6216\u6216\u6216\u6216\u6216\u6216\u6216\u6216\u6216\u54c8\u54c8\u54c8\u54c8\u54c8\u54c8\u54c8\u54c8\u54c8\u54c8\u54c8\u6216\u6216\u6216\u6216\u6216\u6216\u6216\u6216\u6216\u6216\u6216\u6216\u6216\u6216\u6216\u6216\u6216\u6216\u6216\u6216\u6216\u6216\u6216\u6216\u6216\u6216\u6216\u6216\u6216\u6216\u6216\u6216\u6216\u6216\u54c8\u54c8\u54c8\u54c8\u54c8\u54c8\u54c8\u54c8\u54c8\u54c8\u54c8\u6216\u6216\u6216\u6216\u6216\u6216\u6216\u6216\u6216\u6216\u6216\u6216\u6216\u6216\u6216\u6216\u6216\u6216\u6216\u6216\u6216\u6216\u6216\u6216\u6216\u54c8\u54c8\u54c8\u54c8\u54c8\u54c8\u54c8\u54c8\u54c8\u54c8\u54c8\u6216\u6216\u6216\u6216\u6216\u6216\u6216\u6216\u6216\u6216\u6216\u6216\u6216\u6216\u6216\u6216\u6216\u6216\u6216\u6216\u6216\u6216\u6216\u6216\u6216\u6216\u6216\u54c8\u54c8\u54c8\u54c8\u54c8\u54c8\u54c8\u54c8\u54c8\u54c8\u54c8\u6216\u6216\u6216\u6216\u6216\u6216\u6216\u6216\u6216\u6216\u6216\u6216\u6216\u6216\u6216\u6216\u6216\u6216\u6216\u6216\u6216\u6216\u6216\u6216\u6216\u6216\u6216\u6216\u6216\u6216\u6216\u6216\u6216\u6216\u6216\u6216\u54c8\u54c8\u54c8\u54c8\u54c8\u54c8\u54c8\u54c8\u54c8\u54c8\u54c8\u6216\u6216\u6216\u6216\u6216\u6216\u6216\u6216\u6216\u6216\u6216\u6216\u6216\u6216\u6216\u6216\u6216\u6216\u6216\u6216\u6216\u6216\u6216\u6216\u6216\u6216\u6216\u6216\u6216\u6216\u6216\u6216\u6216\u6216\u54c8\u54c8\u54c8\u54c8\u54c8\u54c8\u54c8\u54c8\u54c8\u54c8\u54c8\u6216\u6216\u6216\u6216\u6216\u6216\u6216\u6216\u6216\u6216\u6216\u6216\u6216\u6216\u6216\u6216\u6216\u6216\u6216\u6216\u6216\u6216\u6216\u6216\u6216\u54c8\u54c8\u54c8\u54c8\u54c8\u54c8\u54c8\u54c8\u54c8\u54c8\u54c8\u6216\u6216\u6216\u6216\u6216\u6216\u6216\u6216\u6216\u6216\u6216\u6216\u6216\u6216\u6216\u6216\u6216\u6216\u6216\u6216\u6216\u6216\u6216\u6216\u6216\u6216\u6216\u54c8\u54c8\u54c8\u54c8\u54c8\u54c8\u54c8\u54c8\u54c8\u54c8\u54c8\u6216\u6216\u6216\u6216\u6216\u6216\u6216\u6216\u6216\u6216\u6216\u6216\u6216\u6216\u6216\u6216\u6216\u6216\u6216\u6216\u6216\u6216\u6216\u6216\u6216\u6216\u6216\u6216\u6216\u6216\u6216\u6216\u6216\u6216\u6216\u6216\u54c8\u54c8\u54c8\u54c8\u54c8\u54c8\u54c8\u54c8\u54c8\u54c8\u54c8\u6216\u6216\u6216\u6216\u6216\u6216\u6216\u6216\u6216\u6216\u6216\u6216\u6216\u6216\u6216\u6216\u6216\u6216\u6216\u6216\u6216\u6216\u6216\u6216\u6216\u6216\u6216\u6216\u6216\u6216\u6216\u6216\u6216\u6216\u54c8\u54c8\u54c8\u54c8\u54c8\u54c8\u54c8\u54c8\u54c8\u54c8\u54c8\u6216\u6216\u6216\u6216\u6216\u6216\u6216\u6216\u6216\u6216\u6216\u6216\u6216\u6216\u6216\u6216\u6216\u6216\u6216\u6216\u6216\u6216\u6216\u6216\u6216\u54c8\u54c8\u54c8\u54c8\u54c8\u54c8\u54c8\u54c8\u54c8\u54c8\u54c8\u6216\u6216\u6216\u6216\u6216\u6216\u6216\u6216\u6216\u6216\u6216\u6216\u6216\u6216\u6216\u6216\u6216\u6216\u6216\u6216\u6216\u6216\u6216\u6216\u6216\u6216\u6216\u54c8\u54c8\u54c8\u54c8\u54c8\u54c8\u54c8\u54c8\u54c8\u54c8\u54c8\u6216\u6216\u6216\u6216\u6216\u6216\u6216\u6216\u6216\u6216\u6216\u6216\u6216\u6216\u6216\u6216\u6216\u6216\u6216\u6216\u6216\u6216\u6216\u6216\u6216\u6216\u6216\u6216\u6216\u6216\u6216\u6216\u6216\u6216\u6216\u6216\u54c8\u54c8\u54c8\u54c8\u54c8\u54c8\u54c8\u54c8\u54c8\u54c8\u54c8\u6216\u6216\u6216\u6216\u6216\u6216\u6216\u6216\u6216\u6216\u6216\u6216\u6216\u6216\u6216\u6216\u6216\u6216\u6216\u6216\u6216\u6216\u6216\u6216\u6216\u6216\u6216\u6216\u6216\u6216\u6216\u6216\u6216\u6216\u54c8\u54c8\u54c8\u54c8\u54c8\u54c8\u54c8\u54c8\u54c8\u54c8\u54c8\u6216\u6216\u6216\u6216\u6216\u6216\u6216\u6216\u6216\u6216\u6216\u6216\u6216\u6216\u6216\u6216\u6216\u6216\u6216\u6216\u6216\u6216\u6216\u6216\u6216\u54c8\u54c8\u54c8\u54c8\u54c8\u54c8\u54c8\u54c8\u54c8\u54c8\u54c8\u6216\u6216\u6216\u6216\u6216\u6216\u6216\u6216\u6216\u6216\u6216\u6216\u6216\u6216\u6216\u6216\u6216\u6216\u6216\u6216\u6216\u6216\u6216\u6216\u6216\u6216\u6216\u54c8\u54c8\u54c8\u54c8\u54c8\u54c8\u54c8\u54c8\u54c8\u54c8\u54c8\u6216\u6216\u6216\u6216\u6216\u6216\u6216\u6216\u6216\u6216\u6216\u6216\u6216\u6216\u6216\u6216\u6216\u6216\u6216\u6216\u6216\u6216\u6216\u6216\u6216\u6216\u6216\u6216\u6216\u6216\u6216\u6216\u6216\u6216\u6216\u6216\u54c8\u54c8\u54c8\u54c8\u54c8\u54c8\u54c8\u54c8\u54c8\u54c8\u54c8\u6216\u6216\u6216\u6216\u6216\u6216\u6216\u6216\u6216\u6216\u6216\u6216\u6216\u6216\u6216\u6216\u6216\u6216\u6216\u6216\u6216\u6216\u6216\u6216\u6216\u6216\u6216\u6216\u6216\u6216\u6216\u6216\u6216\u6216\u54c8\u54c8\u54c8\u54c8\u54c8\u54c8\u54c8\u54c8\u54c8\u54c8\u54c8\u6216\u6216\u6216\u6216\u6216\u6216\u6216\u6216\u6216\u6216\u6216\u6216\u6216\u6216\u6216\u6216\u6216\u6216\u6216\u6216\u6216\u6216\u6216\u6216\u6216\u54c8\u54c8\u54c8\u54c8\u54c8\u54c8\u54c8\u54c8\u54c8\u54c8\u54c8\u6216\u6216\u6216\u6216\u6216\u6216\u6216\u6216\u6216\u6216\u6216\u6216\u6216\u6216\u6216\u6216\u6216\u6216\u6216\u6216\u6216\u6216\u6216\u6216\u6216\u6216\u6216\u54c8\u54c8\u54c8\u54c8\u54c8\u54c8\u54c8\u54c8\u54c8\u54c8\u54c8\u6216\u6216\u6216\u6216\u6216\u6216\u6216\u6216\u6216\u6216\u6216\u6216\u6216\u6216\u6216\u6216\u6216\u6216\u6216\u6216\u6216\u6216\u6216\u6216\u6216\u6216\u6216\u6216\u6216\u6216\u6216\u6216\u6216\u6216\u6216\u6216\u54c8\u54c8\u54c8\u54c8\u54c8\u54c8\u54c8\u54c8\u54c8\u54c8\u54c8\u6216\u6216\u6216\u6216\u6216\u6216\u6216\u6216\u6216\u6216\u6216\u6216\u6216\u6216\u6216\u6216\u6216\u6216\u6216\u6216\u6216\u6216\u6216\u6216\u6216\u6216\u6216\u6216\u6216\u6216\u6216\u6216\u6216\u6216\u54c8\u54c8\u54c8\u54c8\u54c8\u54c8\u54c8\u54c8\u54c8\u54c8\u54c8\u6216\u6216\u6216\u6216\u6216\u6216\u6216\u6216\u6216\u6216\u6216\u6216\u6216\u6216\u6216\u6216\u6216\u6216\u6216\u6216\u6216\u6216\u6216\u6216\u6216\u54c8\u54c8\u54c8\u54c8\u54c8\u54c8\u54c8\u54c8\u54c8\u54c8\u54c8\u6216\u6216\u6216\u6216\u6216\u6216\u6216\u6216\u6216\u6216\u6216\u6216\u6216\u6216\u6216\u6216\u6216\u6216\u6216\u6216\u6216\u6216\u6216\u6216\u6216\u6216\u6216\u54c8\u54c8\u54c8\u54c8\u54c8\u54c8\u54c8\u54c8\u54c8\u54c8\u54c8\u6216\u6216\u6216\u6216\u6216\u6216\u6216\u6216\u6216\u6216\u6216\u6216\u6216\u6216\u6216\u6216\u6216\u6216\u6216\u6216\u6216\u6216\u6216\u6216\u6216\u6216\u6216\u6216\u6216\u6216\u6216\u6216\u6216\u6216\u6216\u6216\u54c8\u54c8\u54c8\u54c8\u54c8\u54c8\u54c8\u54c8\u54c8\u54c8\u54c8\u6216\u6216\u6216\u6216\u6216\u6216\u6216\u6216\u6216\u6216\u6216\u6216\u6216\u6216\u6216\u6216\u6216\u6216\u6216\u6216\u6216\u6216\u6216\u6216\u6216\u6216\u6216\u6216\u6216\u6216\u6216\u6216\u6216\u6216\u54c8\u54c8\u54c8\u54c8\u54c8\u54c8\u54c8\u54c8\u54c8\u54c8\u54c8\u6216\u6216\u6216\u6216\u6216\u6216\u6216\u6216\u6216\u6216\u6216\u6216\u6216\u6216\u6216\u6216\u6216\u6216\u6216\u6216\u6216\u6216\u6216\u6216\u6216\u54c8\u54c8\u54c8\u54c8\u54c8\u54c8\u54c8\u54c8\u54c8\u54c8\u54c8\u6216\u6216\u6216\u6216\u6216\u6216\u6216\u6216\u6216\u6216\u6216\u6216\u6216\u6216\u6216\u6216\u6216\u6216\u6216\u6216\u6216\u6216\u6216\u6216\u6216\u6216\u6216\u54c8\u54c8\u54c8\u54c8\u54c8\u54c8\u54c8\u54c8\u54c8\u54c8\u54c8\u6216\u6216\u6216\u6216\u6216\u6216\u6216\u6216\u6216\u6216\u6216\u6216\u6216\u6216\u6216\u6216\u6216\u6216\u6216\u6216\u6216\u6216\u6216\u6216\u6216\u6216\u6216\u6216\u6216\u6216\u6216\u6216\u6216\u6216\u6216\u6216\u54c8\u54c8\u54c8\u54c8\u54c8\u54c8\u54c8\u54c8\u54c8\u54c8\u54c8\u6216\u6216\u6216\u6216\u6216\u6216\u6216\u6216\u6216\u6216\u6216\u6216\u6216\u6216\u6216\u6216\u6216\u6216\u6216\u6216\u6216\u6216\u6216\u6216\u6216\u6216\u6216\u6216\u6216\u6216\u6216\u6216\u6216\u6216\u54c8\u54c8\u54c8\u54c8\u54c8\u54c8\u54c8\u54c8\u54c8\u54c8\u54c8\u6216\u6216\u6216\u6216\u6216\u6216\u6216\u6216\u6216\u6216\u6216\u6216\u6216\u6216\u6216\u6216\u6216\u6216\u6216\u6216\u6216\u6216\u6216\u6216\u6216\u54c8\u54c8\u54c8\u54c8\u54c8\u54c8\u54c8\u54c8\u54c8\u54c8\u54c8\u6216\u6216\u6216\u6216\u6216\u6216\u6216\u6216\u6216\u6216\u6216\u6216\u6216\u6216\u6216\u6216\u6216\u6216\u6216\u6216\u6216\u6216\u6216\u6216\u6216\u6216\u6216\u54c8\u54c8\u54c8\u54c8\u54c8\u54c8\u54c8\u54c8\u54c8\u54c8\u54c8\u6216\u6216\u6216\u6216\u6216\u6216\u6216\u6216\u6216\u6216\u6216\u6216\u6216\u6216\u6216\u6216\u6216\u6216\u6216\u6216\u6216\u6216\u6216\u6216\u6216\u6216\u6216\u6216\u6216\u6216\u6216\u6216\u6216\u6216\u6216\u6216\u54c8\u54c8\u54c8\u54c8\u54c8\u54c8\u54c8\u54c8\u54c8\u54c8\u54c8\u6216\u6216\u6216\u6216\u6216\u6216\u6216\u6216\u6216\u6216\u6216\u6216\u6216\u6216\u6216\u6216\u6216\u6216\u6216\u6216\u6216\u6216\u6216\u6216\u6216\u6216\u6216\u6216\u6216\u6216\u6216\u6216\u6216\u6216\u54c8\u54c8\u54c8\u54c8\u54c8\u54c8\u54c8\u54c8\u54c8\u54c8\u54c8\u6216\u6216\u6216\u6216\u6216\u6216\u6216\u6216\u6216\u6216\u6216\u6216\u6216\u6216\u6216\u6216\u6216\u6216\u6216\u6216\u6216\u6216\u6216\u6216\u6216\u54c8\u54c8\u54c8\u54c8\u54c8\u54c8\u54c8\u54c8\u54c8\u54c8\u54c8\u6216\u6216\u6216\u6216\u6216\u6216\u6216\u6216\u6216\u6216\u6216\u6216\u6216\u6216\u6216\u6216\u6216\u6216\u6216\u6216\u6216\u6216\u6216\u6216\u6216\u6216\u6216\u54c8\u54c8\u54c8\u54c8\u54c8\u54c8\u54c8\u54c8\u54c8\u54c8\u54c8\u6216\u6216\u6216\u6216\u6216\u6216\u6216\u6216\u6216\u6216\u6216\u6216\u6216\u6216\u6216\u6216\u6216\u6216\u6216\u6216\u6216\u6216\u6216\u6216\u6216\u6216\u6216\u6216\u6216\u6216\u6216\u6216\u6216\u6216\u6216\u6216\u54c8\u54c8\u54c8\u54c8\u54c8\u54c8\u54c8\u54c8\u54c8\u54c8\u54c8\u6216\u6216\u6216\u6216\u6216\u6216\u6216\u6216\u6216\u6216\u6216\u6216\u6216\u6216\u6216\u6216\u6216\u6216\u6216\u6216\u6216\u6216\u6216\u6216\u6216\u6216\u6216\u6216\u6216\u6216\u6216\u6216\u6216\u6216\u54c8\u54c8\u54c8\u54c8\u54c8\u54c8\u54c8\u54c8\u54c8\u54c8\u54c8\u6216\u6216\u6216\u6216\u6216\u6216\u6216\u6216\u6216\u6216\u6216\u6216\u6216\u6216\u6216\u6216\u6216\u6216\u6216\u6216\u6216\u6216\u6216\u6216\u6216", "author": 1, "created_time": "2020-11-28T15:34:30.851Z", "last_updated_time": "2020-11-28T15:34:30.851Z"}}, {"model": "blog.blog", "pk": 6, "fields": {"title": "shell\u6a21\u5f0f\u4e0b\u7b2c\u4e00\u7bc7", "blog_type": 1, "content": "kkkkkkkkkkkkkkkkkkkkkkkkkkkkkkkkk", "author": 1, "created_time": "2020-11-28T20:22:16.045Z", "last_updated_time": "2020-11-28T20:22:16.045Z"}}, {"model": "blog.blog", "pk": 7, "fields": {"title": "\u7b2c1\u7bc7", "blog_type": 1, "content": "xxxxxxxxxxxxxxxxxxxxxxxxxxxxxx:1", "author": 1, "created_time": "2020-11-28T20:27:41.477Z", "last_updated_time": "2020-11-28T20:27:41.477Z"}}, {"model": "blog.blog", "pk": 8, "fields": {"title": "\u7b2c2\u7bc7", "blog_type": 1, "content": "xxxxxxxxxxxxxxxxxxxxxxxxxxxxxx:2", "author": 1, "created_time": "2020-11-28T20:27:41.483Z", "last_updated_time": "2020-11-28T20:27:41.483Z"}}, {"model": "blog.blog", "pk": 9, "fields": {"title": "\u7b2c3\u7bc7", "blog_type": 1, "content": "xxxxxxxxxxxxxxxxxxxxxxxxxxxxxx:3", "author": 1, "created_time": "2020-11-28T20:27:41.489Z", "last_updated_time": "2020-11-28T20:27:41.489Z"}}, {"model": "blog.blog", "pk": 10, "fields": {"title": "\u7b2c4\u7bc7", "blog_type": 1, "content": "xxxxxxxxxxxxxxxxxxxxxxxxxxxxxx:4", "author": 1, "created_time": "2020-11-28T20:27:41.495Z", "last_updated_time": "2020-11-28T20:27:41.495Z"}}, {"model": "blog.blog", "pk": 11, "fields": {"title": "\u7b2c5\u7bc7", "blog_type": 1, "content": "xxxxxxxxxxxxxxxxxxxxxxxxxxxxxx:5", "author": 1, "created_time": "2020-11-28T20:27:41.501Z", "last_updated_time": "2020-11-28T20:27:41.501Z"}}, {"model": "blog.blog", "pk": 12, "fields": {"title": "\u7b2c6\u7bc7", "blog_type": 1, "content": "xxxxxxxxxxxxxxxxxxxxxxxxxxxxxx:6", "author": 1, "created_time": "2020-11-28T20:27:41.506Z", "last_updated_time": "2020-11-28T20:27:41.506Z"}}, {"model": "blog.blog", "pk": 13, "fields": {"title": "\u7b2c7\u7bc7", "blog_type": 1, "content": "xxxxxxxxxxxxxxxxxxxxxxxxxxxxxx:7", "author": 1, "created_time": "2020-11-28T20:27:41.511Z", "last_updated_time": "2020-11-28T20:27:41.511Z"}}, {"model": "blog.blog", "pk": 14, "fields": {"title": "\u7b2c8\u7bc7", "blog_type": 1, "content": "xxxxxxxxxxxxxxxxxxxxxxxxxxxxxx:8", "author": 1, "created_time": "2020-11-28T20:27:41.517Z", "last_updated_time": "2020-11-28T20:27:41.517Z"}}, {"model": "blog.blog", "pk": 15, "fields": {"title": "\u7b2c9\u7bc7", "blog_type": 1, "content": "xxxxxxxxxxxxxxxxxxxxxxxxxxxxxx:9", "author": 1, "created_time": "2020-11-28T20:27:41.522Z", "last_updated_time": "2020-11-28T20:27:41.522Z"}}, {"model": "blog.blog", "pk": 16, "fields": {"title": "\u7b2c10\u7bc7", "blog_type": 1, "content": "xxxxxxxxxxxxxxxxxxxxxxxxxxxxxx:10", "author": 1, "created_time": "2020-11-28T20:27:41.527Z", "last_updated_time": "2020-11-28T20:27:41.527Z"}}, {"model": "blog.blog", "pk": 17, "fields": {"title": "\u7b2c11\u7bc7", "blog_type": 1, "content": "xxxxxxxxxxxxxxxxxxxxxxxxxxxxxx:11", "author": 1, "created_time": "2020-11-28T20:27:41.532Z", "last_updated_time": "2020-11-28T20:27:41.532Z"}}, {"model": "blog.blog", "pk": 18, "fields": {"title": "\u7b2c12\u7bc7", "blog_type": 1, "content": "xxxxxxxxxxxxxxxxxxxxxxxxxxxxxx:12", "author": 1, "created_time": "2020-11-28T20:27:41.537Z", "last_updated_time": "2020-11-28T20:27:41.537Z"}}, {"model": "blog.blog", "pk": 19, "fields": {"title": "\u7b2c13\u7bc7", "blog_type": 1, "content": "xxxxxxxxxxxxxxxxxxxxxxxxxxxxxx:13", "author": 1, "created_time": "2020-11-28T20:27:41.542Z", "last_updated_time": "2020-11-28T20:27:41.542Z"}}, {"model": "blog.blog", "pk": 20, "fields": {"title": "\u7b2c14\u7bc7", "blog_type": 1, "content": "xxxxxxxxxxxxxxxxxxxxxxxxxxxxxx:14", "author": 1, "created_time": "2020-11-28T20:27:41.548Z", "last_updated_time": "2020-11-28T20:27:41.548Z"}}, {"model": "blog.blog", "pk": 21, "fields": {"title": "\u7b2c15\u7bc7", "blog_type": 1, "content": "xxxxxxxxxxxxxxxxxxxxxxxxxxxxxx:15", "author": 1, "created_time": "2020-11-28T20:27:41.556Z", "last_updated_time": "2020-11-28T20:27:41.556Z"}}, {"model": "blog.blog", "pk": 22, "fields": {"title": "\u7b2c16\u7bc7", "blog_type": 1, "content": "xxxxxxxxxxxxxxxxxxxxxxxxxxxxxx:16", "author": 1, "created_time": "2020-11-28T20:27:41.564Z", "last_updated_time": "2020-11-28T20:27:41.564Z"}}, {"model": "blog.blog", "pk": 23, "fields": {"title": "\u7b2c17\u7bc7", "blog_type": 1, "content": "xxxxxxxxxxxxxxxxxxxxxxxxxxxxxx:17", "author": 1, "created_time": "2020-11-28T20:27:41.569Z", "last_updated_time": "2020-11-28T20:27:41.569Z"}}, {"model": "blog.blog", "pk": 24, "fields": {"title": "\u7b2c18\u7bc7", "blog_type": 1, "content": "xxxxxxxxxxxxxxxxxxxxxxxxxxxxxx:18", "author": 1, "created_time": "2020-11-28T20:27:41.580Z", "last_updated_time": "2020-11-28T20:27:41.580Z"}}, {"model": "blog.blog", "pk": 25, "fields": {"title": "\u7b2c19\u7bc7", "blog_type": 1, "content": "xxxxxxxxxxxxxxxxxxxxxxxxxxxxxx:19", "author": 1, "created_time": "2020-11-28T20:27:41.586Z", "last_updated_time": "2020-11-28T20:27:41.586Z"}}, {"model": "blog.blog", "pk": 26, "fields": {"title": "\u7b2c20\u7bc7", "blog_type": 1, "content": "xxxxxxxxxxxxxxxxxxxxxxxxxxxxxx:20", "author": 1, "created_time": "2020-11-28T20:27:41.592Z", "last_updated_time": "2020-11-28T20:27:41.592Z"}}, {"model": "blog.blog", "pk": 27, "fields": {"title": "\u7b2c21\u7bc7", "blog_type": 1, "content": "xxxxxxxxxxxxxxxxxxxxxxxxxxxxxx:21", "author": 1, "created_time": "2020-11-28T20:27:41.598Z", "last_updated_time": "2020-11-28T20:27:41.598Z"}}, {"model": "blog.blog", "pk": 28, "fields": {"title": "\u7b2c22\u7bc7", "blog_type": 1, "content": "xxxxxxxxxxxxxxxxxxxxxxxxxxxxxx:22", "author": 1, "created_time": "2020-11-28T20:27:41.603Z", "last_updated_time": "2020-11-28T20:27:41.603Z"}}, {"model": "blog.blog", "pk": 29, "fields": {"title": "\u7b2c23\u7bc7", "blog_type": 1, "content": "xxxxxxxxxxxxxxxxxxxxxxxxxxxxxx:23", "author": 1, "created_time": "2020-11-28T20:27:41.609Z", "last_updated_time": "2020-11-28T20:27:41.609Z"}}, {"model": "blog.blog", "pk": 30, "fields": {"title": "\u7b2c24\u7bc7", "blog_type": 1, "content": "xxxxxxxxxxxxxxxxxxxxxxxxxxxxxx:24", "author": 1, "created_time": "2020-11-28T20:27:41.615Z", "last_updated_time": "2020-11-28T20:27:41.615Z"}}, {"model": "blog.blog", "pk": 31, "fields": {"title": "\u7b2c25\u7bc7", "blog_type": 1, "content": "xxxxxxxxxxxxxxxxxxxxxxxxxxxxxx:25", "author": 1, "created_time": "2020-11-28T20:27:41.621Z", "last_updated_time": "2020-11-28T20:27:41.621Z"}}, {"model": "blog.blog", "pk": 32, "fields": {"title": "\u7b2c26\u7bc7", "blog_type": 1, "content": "<p>xxxxxxxxxxxxxxxxxxxxxxxxxxxxxx:26</p>", "author": 1, "created_time": "2020-11-28T20:27:41.626Z", "last_updated_time": "2020-11-29T08:56:22.893Z"}}, {"model": "blog.blog", "pk": 33, "fields": {"title": "\u7b2c27\u7bc7", "blog_type": 1, "content": "xxxxxxxxxxxxxxxxxxxxxxxxxxxxxx:27", "author": 1, "created_time": "2020-11-28T20:27:41.632Z", "last_updated_time": "2020-11-29T09:42:34.452Z"}}, {"model": "blog.blog", "pk": 36, "fields": {"title": "\u7b2c30\u7bc7", "blog_type": 1, "content": "<h1>\u770b\u6765\uff0c\u4e0d\u7528\u4e13\u95e8\u5728\u5199\u4e00\u4e2a\u56fe\u7247\u5206\u4eab\u8868\u4e86\uff0cckeditor\u725b\u6279\uff01\uff011<img alt=\"\" src=\"/media/upload/2020/11/29/1.png\" style=\"height:675px; width:1200px\" /></h1>", "author": 1, "created_time": "2020-11-28T20:27:41.648Z", "last_updated_time": "2020-11-29T09:41:57.826Z"}}, {"model": "comment.comment", "pk": 2, "fields": {"content_type": 8, "object_id": 32, "text": "4565", "comment_time": "2020-11-30T13:24:41.258Z", "user": 1, "root": null, "parent": null, "reply_to": null}}, {"model": "comment.comment", "pk": 3, "fields": {"content_type": 8, "object_id": 32, "text": "kkkkk", "comment_time": "2020-11-30T13:24:45.449Z", "user": 1, "root": null, "parent": null, "reply_to": null}}, {"model": "comment.comment", "pk": 4, "fields": {"content_type": 8, "object_id": 32, "text": "\u6700\u597d\u518d\u6765\u4e2a\u8bc4\u8bba", "comment_time": "2020-11-30T13:31:41.077Z", "user": 1, "root": null, "parent": null, "reply_to": null}}, {"model": "comment.comment", "pk": 5, "fields": {"content_type": 8, "object_id": 32, "text": "\u6a2a\u626b\u516d\u5408", "comment_time": "2020-11-30T13:49:14.022Z", "user": 1, "root": null, "parent": null, "reply_to": null}}, {"model": "comment.comment", "pk": 6, "fields": {"content_type": 8, "object_id": 36, "text": "123", "comment_time": "2020-11-30T15:38:33.737Z", "user": 2, "root": null, "parent": null, "reply_to": null}}, {"model": "comment.comment", "pk": 7, "fields": {"content_type": 8, "object_id": 36, "text": "123", "comment_time": "2020-11-30T15:38:37.331Z", "user": 2, "root": null, "parent": null, "reply_to": null}}, {"model": "comment.comment", "pk": 8, "fields": {"content_type": 8, "object_id": 36, "text": "123", "comment_time": "2020-11-30T15:38:40.153Z", "user": 2, "root": null, "parent": null, "reply_to": null}}, {"model": "comment.comment", "pk": 9, "fields": {"content_type": 8, "object_id": 36, "text": "123", "comment_time": "2020-11-30T15:38:44.203Z", "user": 2, "root": null, "parent": null, "reply_to": null}}, {"model": "comment.comment", "pk": 10, "fields": {"content_type": 8, "object_id": 36, "text": "123", "comment_time": "2020-11-30T15:38:46.945Z", "user": 2, "root": null, "parent": null, "reply_to": null}}, {"model": "comment.comment", "pk": 11, "fields": {"content_type": 8, "object_id": 36, "text": "123", "comment_time": "2020-11-30T15:38:52.449Z", "user": 2, "root": null, "parent": null, "reply_to": null}}, {"model": "comment.comment", "pk": 12, "fields": {"content_type": 8, "object_id": 28, "text": "dsac", "comment_time": "2020-11-30T16:19:49.033Z", "user": 1, "root": null, "parent": null, "reply_to": null}}, {"model": "comment.comment", "pk": 14, "fields": {"content_type": 8, "object_id": 28, "text": "adcaervger", "comment_time": "2020-11-30T16:49:16.912Z", "user": 1, "root": null, "parent": null, "reply_to": null}}, {"model": "comment.comment", "pk": 15, "fields": {"content_type": 8, "object_id": 28, "text": "pppppppppppppppp", "comment_time": "2020-11-30T17:13:47.385Z", "user": 1, "root": null, "parent": null, "reply_to": null}}, {"model": "comment.comment", "pk": 16, "fields": {"content_type": 8, "object_id": 1, "text": "<p><strong>\u51e0\u7ea7\u79ef\u6781\u519b\u519b\u519b\u519b\u519b\u519b\u519b\u519b\u519b\u519b\u519b\u519b</strong></p>", "comment_time": "2020-11-30T18:25:23.164Z", "user": 1, "root": null, "parent": null, "reply_to": null}}, {"model": "comment.comment", "pk": 17, "fields": {"content_type": 8, "object_id": 1, "text": "<p><strong>\u51e0\u7ea7\u79ef\u6781\u519b\u519b\u519b\u519b\u519b\u519b\u519b\u519b\u519b\u519b\u519b\u519b</strong></p>", "comment_time": "2020-11-30T18:25:55.188Z", "user": 1, "root": null, "parent": null, "reply_to": null}}, {"model": "comment.comment", "pk": 18, "fields": {"content_type": 8, "object_id": 1, "text": "<p><strong>\u51e0\u7ea7\u79ef\u6781\u519b\u519b\u519b\u519b\u519b\u519b\u519b\u519b\u519b\u519b\u519b\u519b</strong></p>", "comment_time": "2020-11-30T18:27:02.484Z", "user": 1, "root": null, "parent": null, "reply_to": null}}, {"model": "comment.comment", "pk": 19, "fields": {"content_type": 8, "object_id": 1, "text": "<p>678</p>", "comment_time": "2020-11-30T18:29:19.828Z", "user": 1, "root": null, "parent": null, "reply_to": null}}, {"model": "comment.comment", "pk": 20, "fields": {"content_type": 8, "object_id": 1, "text": "<p>99999999999</p>", "comment_time": "2020-11-30T18:32:35.672Z", "user": 1, "root": null, "parent": null, "reply_to": null}}, {"model": "comment.comment", "pk": 21, "fields": {"content_type": 8, "object_id": 1, "text": "<p>\u5494\u5494\u5494\u5494\u5494\u5494\u6269\u6269\u6269\u6269\u6269\u6269\u6269\u6269\u6269\u6269\u6269\u6269</p>", "comment_time": "2020-11-30T18:43:32.869Z", "user": 1, "root": null, "parent": null, "reply_to": null}}, {"model": "comment.comment", "pk": 22, "fields": {"content_type": 8, "object_id": 1, "text": "<p>\u545c\u545c\u545c\u545c\u545c\u545c\u545c</p>", "comment_time": "2020-11-30T18:44:12.101Z", "user": 1, "root": null, "parent": null, "reply_to": null}}, {"model": "comment.comment", "pk": 23, "fields": {"content_type": 8, "object_id": 1, "text": "<p>\u545c\u545c\u545c\u545c\u545c\u545c\u545c</p>", "comment_time": "2020-11-30T18:44:55.597Z", "user": 1, "root": null, "parent": null, "reply_to": null}}, {"model": "comment.comment", "pk": 24, "fields": {"content_type": 8, "object_id": 1, "text": "<p>111111111</p>", "comment_time": "2020-11-30T18:55:09.686Z", "user": 1, "root": null, "parent": null, "reply_to": null}}, {"model": "comment.comment", "pk": 25, "fields": {"content_type": 8, "object_id": 1, "text": "<p>1111111111</p>", "comment_time": "2020-11-30T18:58:29.676Z", "user": 1, "root": null, "parent": null, "reply_to": null}}, {"model": "comment.comment", "pk": 26, "fields": {"content_type": 8, "object_id": 1, "text": "<p>1111111111</p>", "comment_time": "2020-11-30T18:58:42.085Z", "user": 1, "root": null, "parent": null, "reply_to": null}}, {"model": "comment.comment", "pk": 27, "fields": {"content_type": 8, "object_id": 1, "text": "<p>1111111111</p>", "comment_time": "2020-11-30T18:58:51.813Z", "user": 1, "root": null, "parent": null, "reply_to": null}}, {"model": "comment.comment", "pk": 28, "fields": {"content_type": 8, "object_id": 1, "text": "<p>22222222222222</p>", "comment_time": "2020-11-30T18:58:53.237Z", "user": 1, "root": null, "parent": null, "reply_to": null}}, {"model": "comment.comment", "pk": 29, "fields": {"content_type": 8, "object_id": 1, "text": "<p>22222222222222</p>", "comment_time": "2020-11-30T18:58:53.836Z", "user": 1, "root": null, "parent": null, "reply_to": null}}, {"model": "comment.comment", "pk": 30, "fields": {"content_type": 8, "object_id": 1, "text": "<p>qqqqqqqqqqqqqq</p>", "comment_time": "2020-11-30T19:01:27.933Z", "user": 1, "root": null, "parent": null, "reply_to": null}}, {"model": "comment.comment", "pk": 31, "fields": {"content_type": 8, "object_id": 1, "text": "<p>11111111</p>", "comment_time": "2020-11-30T19:06:15.374Z", "user": 1, "root": null, "parent": null, "reply_to": null}}, {"model": "comment.comment", "pk": 32, "fields": {"content_type": 8, "object_id": 1, "text": "<p>2222222222222</p>", "comment_time": "2020-11-30T19:06:24.804Z", "user": 1, "root": null, "parent": null, "reply_to": null}}, {"model": "comment.comment", "pk": 33, "fields": {"content_type": 8, "object_id": 1, "text": "<p>\u51c4\u51c4\u5207\u5207\u7fa4\u7fa4\u7fa4\u7fa4\u7fa4\u7fa4\u7fa4\u7fa4\u7fa4\u7fa4\u7fa4\u7fa4</p>", "comment_time": "2020-11-30T19:11:56.060Z", "user": 1, "root": null, "parent": null, "reply_to": null}}, {"model": "comment.comment", "pk": 34, "fields": {"content_type": 8, "object_id": 1, "text": "<p>\u53cd\u53cd\u590d\u590d\u4ed8\u4ed8\u4ed8\u4ed8\u4ed8\u4ed8</p>", "comment_time": "2020-11-30T19:15:14.934Z", "user": 1, "root": null, "parent": null, "reply_to": null}}, {"model": "comment.comment", "pk": 35, "fields": {"content_type": 8, "object_id": 1, "text": "<p>\u53cd\u53cd\u590d\u590d\u4ed8\u4ed8\u4ed8\u4ed8\u4ed8\u4ed8</p>", "comment_time": "2020-11-30T19:15:24.430Z", "user": 1, "root": null, "parent": null, "reply_to": null}}, {"model": "comment.comment", "pk": 36, "fields": {"content_type": 8, "object_id": 1, "text": "<p>\u54e6\u54e6\u54e6\u54e6\u54e6\u54e6\u54e6</p>", "comment_time": "2020-11-30T19:15:29.612Z", "user": 1, "root": null, "parent": null, "reply_to": null}}, {"model": "comment.comment", "pk": 37, "fields": {"content_type": 8, "object_id": 1, "text": "<p>ppppppppp</p>", "comment_time": "2020-11-30T19:15:51.332Z", "user": 1, "root": null, "parent": null, "reply_to": null}}, {"model": "comment.comment", "pk": 38, "fields": {"content_type": 8, "object_id": 1, "text": "<p>ppppppppp</p>", "comment_time": "2020-11-30T19:15:51.372Z", "user": 1, "root": null, "parent": null, "reply_to": null}}, {"model": "comment.comment", "pk": 39, "fields": {"content_type": 8, "object_id": 1, "text": "<p>ppppppppp</p>", "comment_time": "2020-11-30T19:15:58.821Z", "user": 1, "root": null, "parent": null, "reply_to": null}}, {"model": "comment.comment", "pk": 40, "fields": {"content_type": 8, "object_id": 1, "text": "<p>ppppppppp</p>", "comment_time": "2020-11-30T19:16:00.516Z", "user": 1, "root": null, "parent": null, "reply_to": null}}, {"model": "comment.comment", "pk": 41, "fields": {"content_type": 8, "object_id": 1, "text": "<p>ppppppppp</p>", "comment_time": "2020-11-30T19:16:02.084Z", "user": 1, "root": null, "parent": null, "reply_to": null}}, {"model": "comment.comment", "pk": 42, "fields": {"content_type": 8, "object_id": 1, "text": "<p>\u53bb\u53bb\u53bb\u53bb\u53bb\u53bb\u53bb\u53bb\u53bb\u53bb\u53bb</p>", "comment_time": "2020-11-30T19:16:16.174Z", "user": 1, "root": null, "parent": null, "reply_to": null}}, {"model": "comment.comment", "pk": 43, "fields": {"content_type": 8, "object_id": 1, "text": "<p>\u53bb\u53bb\u53bb\u53bb\u53bb\u53bb\u53bb\u53bb\u53bb\u53bb\u53bb\u7fa4</p>", "comment_time": "2020-11-30T19:16:27.079Z", "user": 1, "root": null, "parent": null, "reply_to": null}}, {"model": "comment.comment", "pk": 44, "fields": {"content_type": 8, "object_id": 1, "text": "<p>\u5495\u5495\u5495\u5495\u5495\u5495\u8fc7\u8fc7\u8fc7\u8fc7\u8fc7</p>", "comment_time": "2020-11-30T19:16:34.636Z", "user": 1, "root": null, "parent": null, "reply_to": null}}, {"model": "comment.comment", "pk": 45, "fields": {"content_type": 8, "object_id": 1, "text": "<p>\u5495\u5495\u5495\u5495\u5495\u5495\u8fc7\u8fc7\u8fc7\u8fc7\u8fc7</p>", "comment_time": "2020-11-30T19:16:36.243Z", "user": 1, "root": null, "parent": null, "reply_to": null}}, {"model": "comment.comment", "pk": 46, "fields": {"content_type": 8, "object_id": 1, "text": "<p>\u5440\u5440\u5440\u5440\u5440\u5440\u6655\u6655\u6655\u6655\u6655\u6655\u6655\u6655</p>", "comment_time": "2020-11-30T19:17:06.301Z", "user": 1, "root": null, "parent": null, "reply_to": null}}, {"model": "comment.comment", "pk": 47, "fields": {"content_type": 8, "object_id": 1, "text": "<p>\u4e0d\u4e0d\u4e0d\u4e0d\u4e0d\u4e0d\u4e0d\u4e0d\u4e0d\u4e0d\u4e0d\u4e0d\u4e0d\u4e0d\u4e0d\u4e0d\u4e0d\u4e0dvv&nbsp; &nbsp; &nbsp; &nbsp; &nbsp; &nbsp; &nbsp;</p>", "comment_time": "2020-11-30T19:17:46.814Z", "user": 1, "root": null, "parent": null, "reply_to": null}}, {"model": "comment.comment", "pk": 48, "fields": {"content_type": 8, "object_id": 1, "text": "<p>\u53bb\u53bb\u53bb\u53bb\u53bb\u53bb\u53bb\u53bb\u53bb\u53bb\u53bb\u7fa4\u7fa4</p>", "comment_time": "2020-11-30T19:18:35.730Z", "user": 1, "root": null, "parent": null, "reply_to": null}}, {"model": "comment.comment", "pk": 49, "fields": {"content_type": 8, "object_id": 1, "text": "<p>\u53bb\u53bb\u53bb\u53bb\u53bb\u53bb\u53bb\u53bb\u53bb\u53bb\u53bb\u7fa4\u7fa4</p>", "comment_time": "2020-11-30T19:18:35.766Z", "user": 1, "root": null, "parent": null, "reply_to": null}}, {"model": "comment.comment", "pk": 50, "fields": {"content_type": 8, "object_id": 1, "text": "<p>\u5495\u5495\u5495\u5495\u5495\u5495\u8fc7\u8fc7\u8fc7\u8fc7\u8fc7\u8fc7\u8fc7\u8fc7\u8fc7\u8fc7\u8fc7</p>", "comment_time": "2020-11-30T19:18:49.906Z", "user": 1, "root": null, "parent": null, "reply_to": null}}, {"model": "comment.comment", "pk": 51, "fields": {"content_type": 8, "object_id": 1, "text": "<p>\u5495\u5495\u5495\u5495\u5495\u5495\u8fc7\u8fc7\u8fc7\u8fc7\u8fc7\u8fc7\u8fc7\u8fc7\u8fc7\u8fc7\u8fc7</p>", "comment_time": "2020-11-30T19:18:49.941Z", "user": 1, "root": null, "parent": null, "reply_to": null}}, {"model": "comment.comment", "pk": 52, "fields": {"content_type": 8, "object_id": 1, "text": "<p>\u556a\u556a\u556a\u556a\u556a\u556a\u94fa\u94fa\u94fa\u94fa\u94fa\u94fa</p>", "comment_time": "2020-11-30T19:19:55.677Z", "user": 1, "root": null, "parent": null, "reply_to": null}}, {"model": "comment.comment", "pk": 53, "fields": {"content_type": 8, "object_id": 1, "text": "<p>\u556a\u556a\u556a\u556a\u556a\u556a\u94fa\u94fa\u94fa\u94fa\u94fa\u94fa</p>", "comment_time": "2020-11-30T19:19:58.852Z", "user": 1, "root": null, "parent": null, "reply_to": null}}, {"model": "comment.comment", "pk": 54, "fields": {"content_type": 8, "object_id": 1, "text": "<p>\u556a\u556a\u556a\u556a\u556a\u556a\u94fa\u94fa\u94fa\u94fa\u94fa\u94fa</p>", "comment_time": "2020-11-30T19:20:03.357Z", "user": 1, "root": null, "parent": null, "reply_to": null}}, {"model": "comment.comment", "pk": 55, "fields": {"content_type": 8, "object_id": 1, "text": "<p>\u5440\u5440\u5440\u5440\u5440\u5440\u6655\u6655\u6655\u6655\u6655\u6655\u6655\u6655\u6655\u6655\u6655\u6655</p>", "comment_time": "2020-11-30T19:20:06.270Z", "user": 1, "root": null, "parent": null, "reply_to": null}}, {"model": "comment.comment", "pk": 56, "fields": {"content_type": 8, "object_id": 1, "text": "<p>899</p>", "comment_time": "2020-11-30T19:21:42.959Z", "user": 1, "root": null, "parent": null, "reply_to": null}}, {"model": "comment.comment", "pk": 57, "fields": {"content_type": 8, "object_id": 1, "text": "<p>899</p>", "comment_time": "2020-11-30T19:21:42.983Z", "user": 1, "root": null, "parent": null, "reply_to": null}}, {"model": "comment.comment", "pk": 58, "fields": {"content_type": 8, "object_id": 1, "text": "<p>998</p>", "comment_time": "2020-11-30T19:22:50.930Z", "user": 1, "root": null, "parent": null, "reply_to": null}}, {"model": "comment.comment", "pk": 59, "fields": {"content_type": 8, "object_id": 1, "text": "<p>887</p>", "comment_time": "2020-11-30T19:23:01.329Z", "user": 1, "root": null, "parent": null, "reply_to": null}}, {"model": "comment.comment", "pk": 60, "fields": {"content_type": 8, "object_id": 33, "text": "<p>123</p>", "comment_time": "2020-11-30T19:23:37.441Z", "user": 1, "root": null, "parent": null, "reply_to": null}}, {"model": "comment.comment", "pk": 61, "fields": {"content_type": 8, "object_id": 29, "text": "<p>1111</p>", "comment_time": "2020-12-01T05:01:28.861Z", "user": 1, "root": null, "parent": null, "reply_to": null}}, {"model": "comment.comment", "pk": 62, "fields": {"content_type": 8, "object_id": 29, "text": "<p>1111</p>", "comment_time": "2020-12-01T05:02:21.726Z", "user": 1, "root": null, "parent": null, "reply_to": null}}, {"model": "comment.comment", "pk": 63, "fields": {"content_type": 8, "object_id": 29, "text": "<p>222</p>", "comment_time": "2020-12-01T05:02:30.396Z", "user": 1, "root": null, "parent": null, "reply_to": null}}, {"model": "comment.comment", "pk": 64, "fields": {"content_type": 8, "object_id": 29, "text": "<p>4444</p>", "comment_time": "2020-12-01T05:02:53.598Z", "user": 1, "root": null, "parent": null, "reply_to": null}}, {"model": "comment.comment", "pk": 65, "fields": {"content_type": 8, "object_id": 29, "text": "<p>gggggg</p>", "comment_time": "2020-12-01T05:03:14.365Z", "user": 1, "root": null, "parent": null, "reply_to": null}}, {"model": "comment.comment", "pk": 66, "fields": {"content_type": 8, "object_id": 20, "text": "<p>123</p>", "comment_time": "2020-12-01T05:11:18.148Z", "user": 1, "root": null, "parent": null, "reply_to": null}}, {"model": "comment.comment", "pk": 67, "fields": {"content_type": 8, "object_id": 20, "text": "<p>456</p>", "comment_time": "2020-12-01T05:11:58.467Z", "user": 1, "root": null, "parent": null, "reply_to": null}}, {"model": "comment.comment", "pk": 68, "fields": {"content_type": 8, "object_id": 20, "text": "<p>ghj</p>", "comment_time": "2020-12-01T05:12:56.106Z", "user": 1, "root": null, "parent": null, "reply_to": null}}, {"model": "comment.comment", "pk": 69, "fields": {"content_type": 8, "object_id": 20, "text": "<p>ijk</p>", "comment_time": "2020-12-01T05:13:12.547Z", "user": 1, "root": null, "parent": null, "reply_to": null}}, {"model": "comment.comment", "pk": 70, "fields": {"content_type": 8, "object_id": 20, "text": "<p><span style=\"color:#27ae60\">fds&nbsp;&nbsp;<img alt=\"surprise\" height=\"23\" src=\"http://localhost:8000/static/ckeditor/ckeditor/plugins/smiley/images/omg_smile.png\" title=\"surprise\" width=\"23\" /></span></p>", "comment_time": "2020-12-01T05:15:22.986Z", "user": 1, "root": null, "parent": null, "reply_to": null}}, {"model": "comment.comment", "pk": 71, "fields": {"content_type": 8, "object_id": 20, "text": "<p>123</p>", "comment_time": "2020-12-01T05:27:21.650Z", "user": 1, "root": null, "parent": null, "reply_to": null}}, {"model": "comment.comment", "pk": 72, "fields": {"content_type": 8, "object_id": 20, "text": "<p>123</p>", "comment_time": "2020-12-01T05:28:36.501Z", "user": 1, "root": null, "parent": null, "reply_to": null}}, {"model": "comment.comment", "pk": 73, "fields": {"content_type": 8, "object_id": 21, "text": "<p>45566</p>", "comment_time": "2020-12-01T05:29:01.556Z", "user": 1, "root": null, "parent": null, "reply_to": null}}, {"model": "comment.comment", "pk": 74, "fields": {"content_type": 8, "object_id": 21, "text": "<p>678</p>", "comment_time": "2020-12-01T05:29:31.437Z", "user": 1, "root": null, "parent": null, "reply_to": null}}, {"model": "comment.comment", "pk": 75, "fields": {"content_type": 8, "object_id": 21, "text": "<p>jkl</p>", "comment_time": "2020-12-01T05:29:49.936Z", "user": 1, "root": null, "parent": null, "reply_to": null}}, {"model": "comment.comment", "pk": 77, "fields": {"content_type": 8, "object_id": 36, "text": "<p>kkkk</p>", "comment_time": "2020-12-01T09:25:54.523Z", "user": 1, "root": null, "parent": null, "reply_to": null}}, {"model": "comment.comment", "pk": 78, "fields": {"content_type": 8, "object_id": 36, "text": "<p>\u957f\u95e8\u8d5b\u9ad8\uff01\uff01\uff01\uff01</p>", "comment_time": "2020-12-01T11:26:32.538Z", "user": 1, "root": null, "parent": null, "reply_to": null}}, {"model": "comment.comment", "pk": 79, "fields": {"content_type": 8, "object_id": 79, "text": "\u5929\u4e0b\u4e00\u573a\u68a6", "comment_time": "2020-12-01T11:55:35.044Z", "user": 2, "root": 78, "parent": 78, "reply_to": 1}}, {"model": "comment.comment", "pk": 80, "fields": {"content_type": 8, "object_id": 36, "text": "<p>\u51c4\u51c4\u5207\u5207\u7fa4\u7fa4\u7fa4\u7fa4\u7fa4\u7fa4\u7fa4\u7fa4\u7fa4\u7fa4\u7fa4\u7fa4\u7fa4\u7fa4\u7fa4\u7fa4\u7fa4\u7fa4\u7fa4\u7fa4\u7fa4\u7fa4\u7fa4\u7fa4\u7fa4\u7fa4\u7fa4\u7fa4\u7fa4\u7fa4\u7fa4\u7fa4\u7fa4\u7fa4\u7fa4\u7fa4\u7fa4\u7fa4\u7fa4\u7fa4\u7fa4\u7fa4\u7fa4\u7fa4\u7fa4\u7fa4\u7fa4\u51c4\u51c4\u5207\u5207\u7fa4\u7fa4\u7fa4\u7fa4\u7fa4\u7fa4\u7fa4\u7fa4\u7fa4\u7fa4\u7fa4\u7fa4\u7fa4\u7fa4\u7fa4\u7fa4\u7fa4\u7fa4\u7fa4\u7fa4\u7fa4\u7fa4\u7fa4\u7fa4\u7fa4\u7fa4\u7fa4\u7fa4\u7fa4\u7fa4\u7fa4\u7fa4\u7fa4\u7fa4\u7fa4\u7fa4\u7fa4\u7fa4\u7fa4\u7fa4\u7fa4\u7fa4\u7fa4\u7fa4\u7fa4\u7fa4\u7fa4\u51c4\u51c4\u5207\u5207\u7fa4\u7fa4\u7fa4\u7fa4\u7fa4\u7fa4\u7fa4\u7fa4\u7fa4\u7fa4\u7fa4\u7fa4\u7fa4\u7fa4\u7fa4\u7fa4\u7fa4\u7fa4\u7fa4\u7fa4\u7fa4\u7fa4\u7fa4\u7fa4\u7fa4\u7fa4\u7fa4\u7fa4\u7fa4\u7fa4\u7fa4\u7fa4\u7fa4\u7fa4\u7fa4\u7fa4\u7fa4\u7fa4\u7fa4\u7fa4\u7fa4\u7fa4\u7fa4\u7fa4\u7fa4\u7fa4\u7fa4\u51c4\u51c4\u5207\u5207\u7fa4\u7fa4\u7fa4\u7fa4\u7fa4\u7fa4\u7fa4\u7fa4\u7fa4\u7fa4\u7fa4\u7fa4\u7fa4\u7fa4\u7fa4\u7fa4\u7fa4\u7fa4\u7fa4\u7fa4\u7fa4\u7fa4\u7fa4\u7fa4\u7fa4\u7fa4\u7fa4\u7fa4\u7fa4\u7fa4\u7fa4\u7fa4\u7fa4\u7fa4\u7fa4\u7fa4\u7fa4\u7fa4\u7fa4\u7fa4\u7fa4\u7fa4\u7fa4\u7fa4\u7fa4\u7fa4\u7fa4\u51c4\u51c4\u5207\u5207\u7fa4\u7fa4\u7fa4\u7fa4\u7fa4\u7fa4\u7fa4\u7fa4\u7fa4\u7fa4\u7fa4\u7fa4\u7fa4\u7fa4\u7fa4\u7fa4\u7fa4\u7fa4\u7fa4\u7fa4\u7fa4\u7fa4\u7fa4\u7fa4\u7fa4\u7fa4\u7fa4\u7fa4\u7fa4\u7fa4\u7fa4\u7fa4\u7fa4\u7fa4\u7fa4\u7fa4\u7fa4\u7fa4\u7fa4\u7fa4\u7fa4\u7fa4\u7fa4\u7fa4\u7fa4\u7fa4\u7fa4\u51c4\u51c4\u5207\u5207\u7fa4\u7fa4\u7fa4\u7fa4\u7fa4\u7fa4\u7fa4\u7fa4\u7fa4\u7fa4\u7fa4\u7fa4\u7fa4\u7fa4\u7fa4\u7fa4\u7fa4\u7fa4\u7fa4\u7fa4\u7fa4\u7fa4\u7fa4\u7fa4\u7fa4\u7fa4\u7fa4\u7fa4\u7fa4\u7fa4\u7fa4\u7fa4\u7fa4\u7fa4\u7fa4\u7fa4\u7fa4\u7fa4\u7fa4\u7fa4\u7fa4\u7fa4\u7fa4\u7fa4\u7fa4\u7fa4\u7fa4\u51c4\u51c4\u5207\u5207\u7fa4\u7fa4\u7fa4\u7fa4\u7fa4\u7fa4\u7fa4\u7fa4\u7fa4\u7fa4\u7fa4\u7fa4\u7fa4\u7fa4\u7fa4\u7fa4\u7fa4\u7fa4\u7fa4\u7fa4\u7fa4\u7fa4\u7fa4\u7fa4\u7fa4\u7fa4\u7fa4\u7fa4\u7fa4\u7fa4\u7fa4\u7fa4\u7fa4\u7fa4\u7fa4\u7fa4\u7fa4\u7fa4\u7fa4\u7fa4\u7fa4\u7fa4\u7fa4\u7fa4\u7fa4\u7fa4\u7fa4\u51c4\u51c4\u5207\u5207\u7fa4\u7fa4\u7fa4\u7fa4\u7fa4\u7fa4\u7fa4\u7fa4\u7fa4\u7fa4\u7fa4\u7fa4\u7fa4\u7fa4\u7fa4\u7fa4\u7fa4\u7fa4\u7fa4\u7fa4\u7fa4\u7fa4\u7fa4\u7fa4\u7fa4\u7fa4\u7fa4\u7fa4\u7fa4\u7fa4\u7fa4\u7fa4\u7fa4\u7fa4\u7fa4\u7fa4\u7fa4\u7fa4\u7fa4\u7fa4\u7fa4\u7fa4\u7fa4\u7fa4\u7fa4\u7fa4\u7fa4</p>", "comment_time": "2020-12-01T12:06:46.152Z", "user": 1, "root": null, "parent": null, "reply_to": null}}, {"model": "comment.comment", "pk": 81, "fields": {"content_type": 8, "object_id": 36, "text": "<p>\u4f60\u6015\u4e0d\u662f\u4e2a\u50bb\u5b50</p>", "comment_time": "2020-12-01T13:31:57.165Z", "user": 1, "root": 80, "parent": 80, "reply_to": 1}}, {"model": "comment.comment", "pk": 82, "fields": {"content_type": 8, "object_id": 36, "text": "<p>\u5927\u795e\u4ed9</p>", "comment_time": "2020-12-01T14:06:27.051Z", "user": 1, "root": 80, "parent": 81, "reply_to": 1}}, {"model": "comment.comment", "pk": 83, "fields": {"content_type": 8, "object_id": 36, "text": "<p>111</p>", "comment_time": "2020-12-01T14:10:28.891Z", "user": 1, "root": 80, "parent": 82, "reply_to": 1}}, {"model": "comment.comment", "pk": 84, "fields": {"content_type": 8, "object_id": 36, "text": "<p>111</p>", "comment_time": "2020-12-01T14:12:40.066Z", "user": 1, "root": 80, "parent": 83, "reply_to": 1}}, {"model": "comment.comment", "pk": 86, "fields": {"content_type": 8, "object_id": 36, "text": "<p>\u795e\u4e00\u822c\u7684\u901f\u5ea6</p>", "comment_time": "2020-12-01T14:46:47.856Z", "user": 1, "root": null, "parent": null, "reply_to": null}}, {"model": "comment.comment", "pk": 87, "fields": {"content_type": 8, "object_id": 36, "text": "<p>\u725b\u6279\uff01\uff01\uff01\uff01</p>", "comment_time": "2020-12-01T14:46:54.885Z", "user": 1, "root": 86, "parent": 86, "reply_to": 1}}, {"model": "comment.comment", "pk": 88, "fields": {"content_type": 8, "object_id": 36, "text": "<p>111</p>", "comment_time": "2020-12-01T14:47:10.482Z", "user": 1, "root": 86, "parent": 87, "reply_to": 1}}, {"model": "comment.comment", "pk": 89, "fields": {"content_type": 8, "object_id": 36, "text": "<p>1111</p>", "comment_time": "2020-12-01T14:51:50.055Z", "user": 1, "root": 86, "parent": 86, "reply_to": 1}}, {"model": "comment.comment", "pk": 90, "fields": {"content_type": 8, "object_id": 5, "text": "<p>\u7b2c\u4e00\u6761</p>\r\n\r\n<p>&nbsp;</p>", "comment_time": "2020-12-01T14:52:36.038Z", "user": 1, "root": null, "parent": null, "reply_to": null}}, {"model": "comment.comment", "pk": 91, "fields": {"content_type": 8, "object_id": 5, "text": "<p>\u7b2c\u4e8c\u6761</p>\r\n\r\n<p>&nbsp;</p>", "comment_time": "2020-12-01T14:52:43.002Z", "user": 1, "root": null, "parent": null, "reply_to": null}}, {"model": "comment.comment", "pk": 92, "fields": {"content_type": 8, "object_id": 5, "text": "<p>1111</p>", "comment_time": "2020-12-01T22:54:09.543Z", "user": 1, "root": null, "parent": null, "reply_to": null}}, {"model": "comment.comment", "pk": 93, "fields": {"content_type": 8, "object_id": 5, "text": "<p>11111111</p>", "comment_time": "2020-12-01T15:02:59.240Z", "user": 1, "root": 92, "parent": 92, "reply_to": 1}}, {"model": "comment.comment", "pk": 94, "fields": {"content_type": 8, "object_id": 5, "text": "<p>11111111</p>", "comment_time": "2020-12-01T15:03:01.764Z", "user": 1, "root": 92, "parent": 92, "reply_to": 1}}, {"model": "comment.comment", "pk": 95, "fields": {"content_type": 8, "object_id": 5, "text": "<p>11111111</p>", "comment_time": "2020-12-01T15:03:02.130Z", "user": 1, "root": 92, "parent": 92, "reply_to": 1}}, {"model": "comment.comment", "pk": 96, "fields": {"content_type": 8, "object_id": 5, "text": "<p>11111111</p>", "comment_time": "2020-12-01T15:03:02.322Z", "user": 1, "root": 92, "parent": 92, "reply_to": 1}}, {"model": "comment.comment", "pk": 97, "fields": {"content_type": 8, "object_id": 5, "text": "<p>11111111</p>", "comment_time": "2020-12-01T15:03:02.506Z", "user": 1, "root": 92, "parent": 92, "reply_to": 1}}, {"model": "comment.comment", "pk": 98, "fields": {"content_type": 8, "object_id": 5, "text": "<p>11111111</p>", "comment_time": "2020-12-01T15:03:02.706Z", "user": 1, "root": 92, "parent": 92, "reply_to": 1}}, {"model": "comment.comment", "pk": 99, "fields": {"content_type": 8, "object_id": 5, "text": "<p>11111111</p>", "comment_time": "2020-12-01T15:03:02.890Z", "user": 1, "root": 92, "parent": 92, "reply_to": 1}}, {"model": "comment.comment", "pk": 100, "fields": {"content_type": 8, "object_id": 5, "text": "<p>11111111</p>", "comment_time": "2020-12-01T15:03:03.058Z", "user": 1, "root": 92, "parent": 92, "reply_to": 1}}, {"model": "comment.comment", "pk": 101, "fields": {"content_type": 8, "object_id": 5, "text": "<p>11111111</p>", "comment_time": "2020-12-01T15:03:03.243Z", "user": 1, "root": 92, "parent": 92, "reply_to": 1}}, {"model": "comment.comment", "pk": 102, "fields": {"content_type": 8, "object_id": 5, "text": "<p>11111111</p>", "comment_time": "2020-12-01T15:03:03.426Z", "user": 1, "root": 92, "parent": 92, "reply_to": 1}}, {"model": "comment.comment", "pk": 103, "fields": {"content_type": 8, "object_id": 5, "text": "<p>11111111</p>", "comment_time": "2020-12-01T15:03:03.618Z", "user": 1, "root": 92, "parent": 92, "reply_to": 1}}, {"model": "comment.comment", "pk": 104, "fields": {"content_type": 8, "object_id": 5, "text": "<p>11111111</p>", "comment_time": "2020-12-01T15:03:04.010Z", "user": 1, "root": 92, "parent": 92, "reply_to": 1}}, {"model": "comment.comment", "pk": 105, "fields": {"content_type": 8, "object_id": 5, "text": "<p>11111111</p>", "comment_time": "2020-12-01T15:03:04.299Z", "user": 1, "root": 92, "parent": 92, "reply_to": 1}}, {"model": "comment.comment", "pk": 106, "fields": {"content_type": 8, "object_id": 5, "text": "<p>22222222222222222</p>", "comment_time": "2020-12-01T15:03:25.406Z", "user": 1, "root": null, "parent": null, "reply_to": null}}, {"model": "comment.comment", "pk": 107, "fields": {"content_type": 8, "object_id": 3, "text": "<p>\u53cd\u53cd\u590d\u590d\u4ed8</p>", "comment_time": "2020-12-01T15:04:52.867Z", "user": 1, "root": null, "parent": null, "reply_to": null}}, {"model": "comment.comment", "pk": 108, "fields": {"content_type": 8, "object_id": 3, "text": "<p>111</p>", "comment_time": "2020-12-01T15:06:15.634Z", "user": 1, "root": null, "parent": null, "reply_to": null}}, {"model": "comment.comment", "pk": 109, "fields": {"content_type": 8, "object_id": 3, "text": "<p>2222</p>", "comment_time": "2020-12-01T15:06:44.820Z", "user": 1, "root": null, "parent": null, "reply_to": null}}, {"model": "comment.comment", "pk": 110, "fields": {"content_type": 8, "object_id": 3, "text": "<p>111</p>", "comment_time": "2020-12-01T15:10:03.560Z", "user": 1, "root": null, "parent": null, "reply_to": null}}, {"model": "comment.comment", "pk": 111, "fields": {"content_type": 8, "object_id": 3, "text": "<p>222</p>", "comment_time": "2020-12-01T15:11:43.804Z", "user": 1, "root": null, "parent": null, "reply_to": null}}, {"model": "comment.comment", "pk": 112, "fields": {"content_type": 8, "object_id": 3, "text": "<p>222</p>", "comment_time": "2020-12-01T15:13:02.597Z", "user": 1, "root": 110, "parent": 110, "reply_to": 1}}, {"model": "comment.comment", "pk": 113, "fields": {"content_type": 8, "object_id": 3, "text": "<p>123</p>", "comment_time": "2020-12-01T15:14:07.300Z", "user": 1, "root": null, "parent": null, "reply_to": null}}, {"model": "comment.comment", "pk": 114, "fields": {"content_type": 8, "object_id": 3, "text": "<p>213</p>", "comment_time": "2020-12-01T15:15:30.670Z", "user": 1, "root": null, "parent": null, "reply_to": null}}, {"model": "comment.comment", "pk": 115, "fields": {"content_type": 8, "object_id": 3, "text": "<p>567</p>", "comment_time": "2020-12-01T15:16:40.284Z", "user": 1, "root": null, "parent": null, "reply_to": null}}, {"model": "comment.comment", "pk": 116, "fields": {"content_type": 8, "object_id": 3, "text": "<p>908</p>", "comment_time": "2020-12-01T15:22:45.869Z", "user": 1, "root": null, "parent": null, "reply_to": null}}, {"model": "comment.comment", "pk": 117, "fields": {"content_type": 8, "object_id": 36, "text": "<p>123</p>", "comment_time": "2020-12-01T15:25:57.207Z", "user": 1, "root": 86, "parent": 86, "reply_to": 1}}, {"model": "comment.comment", "pk": 118, "fields": {"content_type": 8, "object_id": 36, "text": "<p>ooo</p>", "comment_time": "2020-12-02T07:02:29.672Z", "user": 1, "root": null, "parent": null, "reply_to": null}}, {"model": "comment.comment", "pk": 119, "fields": {"content_type": 8, "object_id": 36, "text": "<p>111</p>", "comment_time": "2020-12-02T07:45:23.693Z", "user": 1, "root": null, "parent": null, "reply_to": null}}, {"model": "comment.comment", "pk": 120, "fields": {"content_type": 8, "object_id": 33, "text": "<p>123</p>", "comment_time": "2020-12-02T07:45:51.267Z", "user": 1, "root": null, "parent": null, "reply_to": null}}, {"model": "comment.comment", "pk": 121, "fields": {"content_type": 8, "object_id": 33, "text": "<p>ffffff</p>", "comment_time": "2020-12-02T07:48:14.221Z", "user": 1, "root": null, "parent": null, "reply_to": null}}, {"model": "comment.comment", "pk": 122, "fields": {"content_type": 8, "object_id": 33, "text": "<p>111</p>", "comment_time": "2020-12-02T07:48:45.371Z", "user": 1, "root": 121, "parent": 121, "reply_to": 1}}, {"model": "comment.comment", "pk": 123, "fields": {"content_type": 8, "object_id": 33, "text": "<p>1111</p>", "comment_time": "2020-12-02T07:49:27.125Z", "user": 1, "root": null, "parent": null, "reply_to": null}}, {"model": "comment.comment", "pk": 124, "fields": {"content_type": 8, "object_id": 33, "text": "<p>1111</p>", "comment_time": "2020-12-02T07:49:31.034Z", "user": 1, "root": 123, "parent": 123, "reply_to": 1}}, {"model": "comment.comment", "pk": 125, "fields": {"content_type": 8, "object_id": 36, "text": "<p>1</p>\r\n\r\n<p>&nbsp;</p>", "comment_time": "2020-12-02T13:02:42.977Z", "user": 1, "root": 86, "parent": 88, "reply_to": 1}}, {"model": "comment.comment", "pk": 126, "fields": {"content_type": 8, "object_id": 36, "text": "<p>11111111111</p>", "comment_time": "2020-12-03T05:03:33.626Z", "user": 1, "root": 119, "parent": 119, "reply_to": 1}}, {"model": "comment.comment", "pk": 127, "fields": {"content_type": 8, "object_id": 36, "text": "<p>11111111111</p>", "comment_time": "2020-12-03T05:03:39.191Z", "user": 1, "root": 119, "parent": 119, "reply_to": 1}}, {"model": "comment.comment", "pk": 128, "fields": {"content_type": 8, "object_id": 36, "text": "<p>333</p>", "comment_time": "2020-12-03T05:03:47.595Z", "user": 1, "root": null, "parent": null, "reply_to": null}}, {"model": "comment.comment", "pk": 129, "fields": {"content_type": 8, "object_id": 36, "text": "<p>vvvvvvvv</p>", "comment_time": "2020-12-03T05:05:13.579Z", "user": 1, "root": null, "parent": null, "reply_to": null}}, {"model": "comment.comment", "pk": 130, "fields": {"content_type": 8, "object_id": 36, "text": "<p>11111</p>", "comment_time": "2020-12-03T05:09:14.003Z", "user": 1, "root": null, "parent": null, "reply_to": null}}, {"model": "comment.comment", "pk": 131, "fields": {"content_type": 8, "object_id": 36, "text": "<p>ggggg</p>", "comment_time": "2020-12-03T05:11:28.770Z", "user": 1, "root": null, "parent": null, "reply_to": null}}, {"model": "comment.comment", "pk": 132, "fields": {"content_type": 8, "object_id": 36, "text": "<p>pppppppppppp</p>", "comment_time": "2020-12-03T05:11:36.519Z", "user": 1, "root": null, "parent": null, "reply_to": null}}, {"model": "comment.comment", "pk": 133, "fields": {"content_type": 8, "object_id": 36, "text": "<p>\u56de\u590d\u8bc4\u8bba\u53d1\u9001\u90ae\u4ef6\u901a\u77e5\u6d4b\u8bd5</p>", "comment_time": "2020-12-03T05:15:24.233Z", "user": 1, "root": 132, "parent": 132, "reply_to": 1}}, {"model": "comment.comment", "pk": 134, "fields": {"content_type": 8, "object_id": 36, "text": "<p>\u591a\u7ebf\u7a0b\u53d1\u90ae\u4ef6\u6d4b\u8bd5</p>", "comment_time": "2020-12-03T05:29:07.065Z", "user": 1, "root": null, "parent": null, "reply_to": null}}, {"model": "comment.comment", "pk": 135, "fields": {"content_type": 8, "object_id": 36, "text": "<p>html\u90ae\u4ef6\u6d4b\u8bd5</p>", "comment_time": "2020-12-03T05:34:07.998Z", "user": 1, "root": null, "parent": null, "reply_to": null}}, {"model": "comment.comment", "pk": 136, "fields": {"content_type": 8, "object_id": 36, "text": "<p>html\u90ae\u4ef6\u6d4b\u8bd5</p>", "comment_time": "2020-12-03T05:34:30.577Z", "user": 1, "root": null, "parent": null, "reply_to": null}}, {"model": "comment.comment", "pk": 137, "fields": {"content_type": 8, "object_id": 36, "text": "<p>html\u90ae\u4ef6\u6d4b\u8bd5</p>", "comment_time": "2020-12-03T05:36:19.295Z", "user": 1, "root": null, "parent": null, "reply_to": null}}, {"model": "comment.comment", "pk": 138, "fields": {"content_type": 8, "object_id": 36, "text": "<p>\u4f7f\u7528\u6a21\u677f\u53d1\u9001</p>", "comment_time": "2020-12-03T05:42:09.264Z", "user": 1, "root": null, "parent": null, "reply_to": null}}, {"model": "likes.likerecord", "pk": 2, "fields": {"content_type": 8, "object_id": 33, "user": 1, "liked_time": "2020-12-01T18:02:18.735Z"}}, {"model": "likes.likerecord", "pk": 3, "fields": {"content_type": 8, "object_id": 30, "user": 1, "liked_time": "2020-12-01T18:07:02.407Z"}}, {"model": "likes.likerecord", "pk": 4, "fields": {"content_type": 8, "object_id": 32, "user": 1, "liked_time": "2020-12-01T18:08:23.791Z"}}, {"model": "likes.likerecord", "pk": 5, "fields": {"content_type": 8, "object_id": 29, "user": 1, "liked_time": "2020-12-01T18:15:58.775Z"}}, {"model": "likes.likerecord", "pk": 13, "fields": {"content_type": 8, "object_id": 31, "user": 1, "liked_time": "2020-12-01T18:24:22.404Z"}}, {"model": "likes.likerecord", "pk": 14, "fields": {"content_type": 8, "object_id": 25, "user": 1, "liked_time": "2020-12-01T18:24:36.366Z"}}, {"model": "likes.likerecord", "pk": 18, "fields": {"content_type": 12, "object_id": 86, "user": 1, "liked_time": "2020-12-02T06:59:27.116Z"}}, {"model": "likes.likerecord", "pk": 21, "fields": {"content_type": 12, "object_id": 87, "user": 1, "liked_time": "2020-12-02T07:02:41.700Z"}}, {"model": "likes.likerecord", "pk": 22, "fields": {"content_type": 12, "object_id": 88, "user": 1, "liked_time": "2020-12-02T07:02:42.443Z"}}, {"model": "likes.likerecord", "pk": 23, "fields": {"content_type": 12, "object_id": 89, "user": 1, "liked_time": "2020-12-02T07:02:43.603Z"}}, {"model": "likes.likerecord", "pk": 24, "fields": {"content_type": 12, "object_id": 117, "user": 1, "liked_time": "2020-12-02T07:02:43.955Z"}}, {"model": "likes.likerecord", "pk": 26, "fields": {"content_type": 12, "object_id": 118, "user": 1, "liked_time": "2020-12-02T07:45:30.489Z"}}, {"model": "likes.likerecord", "pk": 27, "fields": {"content_type": 12, "object_id": 120, "user": 1, "liked_time": "2020-12-02T07:45:53.400Z"}}, {"model": "likes.likerecord", "pk": 28, "fields": {"content_type": 12, "object_id": 121, "user": 1, "liked_time": "2020-12-02T07:48:17.432Z"}}, {"model": "likes.likerecord", "pk": 29, "fields": {"content_type": 12, "object_id": 122, "user": 1, "liked_time": "2020-12-02T07:48:46.800Z"}}, {"model": "likes.likerecord", "pk": 30, "fields": {"content_type": 12, "object_id": 123, "user": 1, "liked_time": "2020-12-02T07:49:28.439Z"}}, {"model": "likes.likerecord", "pk": 32, "fields": {"content_type": 12, "object_id": 83, "user": 1, "liked_time": "2020-12-02T09:33:22.095Z"}}, {"model": "likes.likerecord", "pk": 35, "fields": {"content_type": 8, "object_id": 36, "user": 1, "liked_time": "2020-12-02T17:03:06.045Z"}}, {"model": "likes.likerecord", "pk": 36, "fields": {"content_type": 12, "object_id": 119, "user": 1, "liked_time": "2020-12-03T05:03:23.888Z"}}, {"model": "user.profile", "pk": 1, "fields": {"user": 2, "nickname": "\u4e24\u6761\u5927\u72d7"}}, {"model": "user.profile", "pk": 2, "fields": {"user": 1, "nickname": "\u56db\u6761\u5927\u72d7"}}, {"model": "admin.logentry", "pk": 1, "fields": {"action_time": "2020-11-28T13:21:15.651Z", "user": 1, "content_type": 7, "object_id": "1", "object_repr": "BlogType object (1)", "action_flag": 1, "change_message": "[{\"added\": {}}]"}}, {"model": "admin.logentry", "pk": 2, "fields": {"action_time": "2020-11-28T13:21:20.874Z", "user": 1, "content_type": 7, "object_id": "2", "object_repr": "BlogType object (2)", "action_flag": 1, "change_message": "[{\"added\": {}}]"}}, {"model": "admin.logentry", "pk": 3, "fields": {"action_time": "2020-11-28T13:21:47.733Z", "user": 1, "content_type": 8, "object_id": "1", "object_repr": "Blog object (1)", "action_flag": 1, "change_message": "[{\"added\": {}}]"}}, {"model": "admin.logentry", "pk": 4, "fields": {"action_time": "2020-11-28T13:24:44.160Z", "user": 1, "content_type": 8, "object_id": "2", "object_repr": "<\u535a\u5ba2\uff1a \u722c\u866b\u7c7b\u522b>", "action_flag": 1, "change_message": "[{\"added\": {}}]"}}, {"model": "admin.logentry", "pk": 5, "fields": {"action_time": "2020-11-28T13:56:27.399Z", "user": 1, "content_type": 8, "object_id": "3", "object_repr": "<\u535a\u5ba2\uff1a \u963f\u5404\u6253\u4e2aVB>", "action_flag": 1, "change_message": "[{\"added\": {}}]"}}, {"model": "admin.logentry", "pk": 6, "fields": {"action_time": "2020-11-28T14:08:59.601Z", "user": 1, "content_type": 8, "object_id": "4", "object_repr": "<\u535a\u5ba2\uff1a \u957f\u5185\u5bb9\u6d4b\u8bd5>", "action_flag": 1, "change_message": "[{\"added\": {}}]"}}, {"model": "admin.logentry", "pk": 7, "fields": {"action_time": "2020-11-28T15:34:30.853Z", "user": 1, "content_type": 8, "object_id": "5", "object_repr": "<\u535a\u5ba2\uff1a chang\u5185\u5bb9\u6d4b\u8bd5>", "action_flag": 1, "change_message": "[{\"added\": {}}]"}}, {"model": "admin.logentry", "pk": 8, "fields": {"action_time": "2020-11-29T08:00:07.304Z", "user": 1, "content_type": 7, "object_id": "3", "object_repr": "\u9b54\u517d", "action_flag": 1, "change_message": "[{\"added\": {}}]"}}, {"model": "admin.logentry", "pk": 9, "fields": {"action_time": "2020-11-29T08:31:15.488Z", "user": 1, "content_type": 8, "object_id": "1", "object_repr": "<\u535a\u5ba2\uff1a \u5173\u4e8ejs\u53cd\u6df7\u6dc6>", "action_flag": 2, "change_message": "[{\"changed\": {\"fields\": [\"content\"]}}]"}}, {"model": "admin.logentry", "pk": 10, "fields": {"action_time": "2020-11-29T08:31:59.805Z", "user": 1, "content_type": 8, "object_id": "1", "object_repr": "<\u535a\u5ba2\uff1a \u5173\u4e8ejs\u53cd\u6df7\u6dc6>", "action_flag": 2, "change_message": "[{\"changed\": {\"fields\": [\"content\"]}}]"}}, {"model": "admin.logentry", "pk": 11, "fields": {"action_time": "2020-11-29T08:43:43.655Z", "user": 1, "content_type": 8, "object_id": "1", "object_repr": "<\u535a\u5ba2\uff1a \u5173\u4e8ejs\u53cd\u6df7\u6dc6>", "action_flag": 2, "change_message": "[{\"changed\": {\"fields\": [\"content\"]}}]"}}, {"model": "admin.logentry", "pk": 12, "fields": {"action_time": "2020-11-29T08:44:54.715Z", "user": 1, "content_type": 8, "object_id": "1", "object_repr": "<\u535a\u5ba2\uff1a \u5173\u4e8ejs\u53cd\u6df7\u6dc6>", "action_flag": 2, "change_message": "[{\"changed\": {\"fields\": [\"content\"]}}]"}}, {"model": "admin.logentry", "pk": 13, "fields": {"action_time": "2020-11-29T08:45:58.913Z", "user": 1, "content_type": 8, "object_id": "1", "object_repr": "<\u535a\u5ba2\uff1a \u5173\u4e8ejs\u53cd\u6df7\u6dc6>", "action_flag": 2, "change_message": "[{\"changed\": {\"fields\": [\"content\"]}}]"}}, {"model": "admin.logentry", "pk": 14, "fields": {"action_time": "2020-11-29T08:46:26.073Z", "user": 1, "content_type": 8, "object_id": "36", "object_repr": "<\u535a\u5ba2\uff1a \u7b2c30\u7bc7>", "action_flag": 2, "change_message": "[{\"changed\": {\"fields\": [\"content\"]}}]"}}, {"model": "admin.logentry", "pk": 15, "fields": {"action_time": "2020-11-29T08:49:05.753Z", "user": 1, "content_type": 8, "object_id": "36", "object_repr": "<\u535a\u5ba2\uff1a \u7b2c30\u7bc7>", "action_flag": 2, "change_message": "[{\"changed\": {\"fields\": [\"content\"]}}]"}}, {"model": "admin.logentry", "pk": 16, "fields": {"action_time": "2020-11-29T08:55:57.898Z", "user": 1, "content_type": 8, "object_id": "35", "object_repr": "<\u535a\u5ba2\uff1a \u7b2c29\u7bc7>", "action_flag": 3, "change_message": ""}}, {"model": "admin.logentry", "pk": 17, "fields": {"action_time": "2020-11-29T08:55:57.907Z", "user": 1, "content_type": 8, "object_id": "34", "object_repr": "<\u535a\u5ba2\uff1a \u7b2c28\u7bc7>", "action_flag": 3, "change_message": ""}}, {"model": "admin.logentry", "pk": 18, "fields": {"action_time": "2020-11-29T08:56:22.894Z", "user": 1, "content_type": 8, "object_id": "32", "object_repr": "<\u535a\u5ba2\uff1a \u7b2c26\u7bc7>", "action_flag": 2, "change_message": "[{\"changed\": {\"fields\": [\"content\", \"readed_num\"]}}]"}}, {"model": "admin.logentry", "pk": 19, "fields": {"action_time": "2020-11-29T09:57:34.664Z", "user": 1, "content_type": 9, "object_id": "1", "object_repr": "ReadNum object (1)", "action_flag": 1, "change_message": "[{\"added\": {}}]"}}, {"model": "admin.logentry", "pk": 20, "fields": {"action_time": "2020-11-29T10:02:47.833Z", "user": 1, "content_type": 9, "object_id": "2", "object_repr": "ReadNum object (2)", "action_flag": 1, "change_message": "[{\"added\": {}}]"}}, {"model": "admin.logentry", "pk": 21, "fields": {"action_time": "2020-11-29T12:28:20.704Z", "user": 1, "content_type": 9, "object_id": "3", "object_repr": "ReadNum object (3)", "action_flag": 1, "change_message": "[{\"added\": {}}]"}}, {"model": "admin.logentry", "pk": 22, "fields": {"action_time": "2020-11-29T12:56:52.295Z", "user": 1, "content_type": 10, "object_id": "1", "object_repr": "ReadNum object (1)", "action_flag": 1, "change_message": "[{\"added\": {}}]"}}, {"model": "admin.logentry", "pk": 23, "fields": {"action_time": "2020-11-29T14:11:29.055Z", "user": 1, "content_type": 11, "object_id": "1", "object_repr": "ReadDetail object (1)", "action_flag": 1, "change_message": "[{\"added\": {}}]"}}, {"model": "admin.logentry", "pk": 24, "fields": {"action_time": "2020-11-29T14:12:03.623Z", "user": 1, "content_type": 11, "object_id": "1", "object_repr": "ReadDetail object (1)", "action_flag": 2, "change_message": "[{\"changed\": {\"fields\": [\"read_num\"]}}]"}}, {"model": "admin.logentry", "pk": 25, "fields": {"action_time": "2020-11-30T11:52:18.912Z", "user": 1, "content_type": 12, "object_id": "1", "object_repr": "Comment object (1)", "action_flag": 1, "change_message": "[{\"added\": {}}]"}}, {"model": "admin.logentry", "pk": 26, "fields": {"action_time": "2020-11-30T13:25:06.318Z", "user": 1, "content_type": 12, "object_id": "1", "object_repr": "Comment object (1)", "action_flag": 3, "change_message": ""}}, {"model": "admin.logentry", "pk": 27, "fields": {"action_time": "2020-11-30T15:44:42.324Z", "user": 1, "content_type": 4, "object_id": "2", "object_repr": "zds", "action_flag": 2, "change_message": "[{\"changed\": {\"fields\": [\"is_superuser\", \"last_login\"]}}]"}}, {"model": "admin.logentry", "pk": 28, "fields": {"action_time": "2020-12-01T11:55:35.047Z", "user": 1, "content_type": 12, "object_id": "79", "object_repr": "\u8bc4\u8bbaid:\u5929\u4e0b\u4e00\u573a\u68a6", "action_flag": 1, "change_message": "[{\"added\": {}}]"}}, {"model": "admin.logentry", "pk": 29, "fields": {"action_time": "2020-12-01T11:56:16.872Z", "user": 1, "content_type": 12, "object_id": "79", "object_repr": "\u8bc4\u8bbaid:\u5929\u4e0b\u4e00\u573a\u68a6", "action_flag": 2, "change_message": "[]"}}, {"model": "admin.logentry", "pk": 30, "fields": {"action_time": "2020-12-01T15:45:10.122Z", "user": 1, "content_type": 12, "object_id": "13", "object_repr": "\u8bc4\u8bbaid:121r4", "action_flag": 3, "change_message": ""}}, {"model": "admin.logentry", "pk": 31, "fields": {"action_time": "2020-12-01T15:45:23.868Z", "user": 1, "content_type": 12, "object_id": "76", "object_repr": "\u8bc4\u8bbaid:<p>&nbsp; &nbsp; 123</p>", "action_flag": 3, "change_message": ""}}, {"model": "admin.logentry", "pk": 32, "fields": {"action_time": "2020-12-02T11:20:32.982Z", "user": 1, "content_type": 15, "object_id": "1", "object_repr": "<Profile:\u4e00\u6761\u5927\u72d7 for zds>", "action_flag": 1, "change_message": "[{\"added\": {}}]"}}, {"model": "admin.logentry", "pk": 33, "fields": {"action_time": "2020-12-02T11:41:23.859Z", "user": 1, "content_type": 4, "object_id": "2", "object_repr": "zds", "action_flag": 2, "change_message": "[{\"changed\": {\"fields\": [\"is_superuser\"]}}]"}}, {"model": "admin.logentry", "pk": 39, "fields": {"action_time": "2020-12-02T15:34:03.404Z", "user": 1, "content_type": 4, "object_id": "5", "object_repr": "sss", "action_flag": 2, "change_message": "[{\"changed\": {\"fields\": [\"email\"]}}]"}}, {"model": "admin.logentry", "pk": 40, "fields": {"action_time": "2020-12-02T15:34:13.943Z", "user": 1, "content_type": 4, "object_id": "5", "object_repr": "sss", "action_flag": 3, "change_message": ""}}, {"model": "admin.logentry", "pk": 41, "fields": {"action_time": "2020-12-02T15:37:53.204Z", "user": 1, "content_type": 4, "object_id": "3", "object_repr": "zdsssss", "action_flag": 2, "change_message": "[{\"changed\": {\"fields\": [\"email\", \"last_login\"]}}]"}}, {"model": "admin.logentry", "pk": 42, "fields": {"action_time": "2020-12-02T15:48:31.390Z", "user": 1, "content_type": 4, "object_id": "2", "object_repr": "zds", "action_flag": 2, "change_message": "[{\"changed\": {\"fields\": [\"email\", \"last_login\"]}}]"}}]