-- MySQL dump 10.13  Distrib 8.0.22, for Win64 (x86_64)
--
-- Host: localhost    Database: mysite_db
-- ------------------------------------------------------
-- Server version	8.0.22

/*!40101 SET @OLD_CHARACTER_SET_CLIENT=@@CHARACTER_SET_CLIENT */;
/*!40101 SET @OLD_CHARACTER_SET_RESULTS=@@CHARACTER_SET_RESULTS */;
/*!40101 SET @OLD_COLLATION_CONNECTION=@@COLLATION_CONNECTION */;
/*!50503 SET NAMES utf8mb4 */;
/*!40103 SET @OLD_TIME_ZONE=@@TIME_ZONE */;
/*!40103 SET TIME_ZONE='+00:00' */;
/*!40014 SET @OLD_UNIQUE_CHECKS=@@UNIQUE_CHECKS, UNIQUE_CHECKS=0 */;
/*!40014 SET @OLD_FOREIGN_KEY_CHECKS=@@FOREIGN_KEY_CHECKS, FOREIGN_KEY_CHECKS=0 */;
/*!40101 SET @OLD_SQL_MODE=@@SQL_MODE, SQL_MODE='NO_AUTO_VALUE_ON_ZERO' */;
/*!40111 SET @OLD_SQL_NOTES=@@SQL_NOTES, SQL_NOTES=0 */;

--
-- Table structure for table `auth_group`
--

DROP TABLE IF EXISTS `auth_group`;
/*!40101 SET @saved_cs_client     = @@character_set_client */;
/*!50503 SET character_set_client = utf8mb4 */;
CREATE TABLE `auth_group` (
  `id` int NOT NULL AUTO_INCREMENT,
  `name` varchar(80) COLLATE utf8mb4_unicode_ci NOT NULL,
  PRIMARY KEY (`id`),
  UNIQUE KEY `name` (`name`)
) ENGINE=InnoDB DEFAULT CHARSET=utf8mb4 COLLATE=utf8mb4_unicode_ci;
/*!40101 SET character_set_client = @saved_cs_client */;

--
-- Dumping data for table `auth_group`
--

LOCK TABLES `auth_group` WRITE;
/*!40000 ALTER TABLE `auth_group` DISABLE KEYS */;
/*!40000 ALTER TABLE `auth_group` ENABLE KEYS */;
UNLOCK TABLES;

--
-- Table structure for table `auth_group_permissions`
--

DROP TABLE IF EXISTS `auth_group_permissions`;
/*!40101 SET @saved_cs_client     = @@character_set_client */;
/*!50503 SET character_set_client = utf8mb4 */;
CREATE TABLE `auth_group_permissions` (
  `id` int NOT NULL AUTO_INCREMENT,
  `group_id` int NOT NULL,
  `permission_id` int NOT NULL,
  PRIMARY KEY (`id`),
  UNIQUE KEY `auth_group_permissions_group_id_permission_id_0cd325b0_uniq` (`group_id`,`permission_id`),
  KEY `auth_group_permissio_permission_id_84c5c92e_fk_auth_perm` (`permission_id`),
  CONSTRAINT `auth_group_permissio_permission_id_84c5c92e_fk_auth_perm` FOREIGN KEY (`permission_id`) REFERENCES `auth_permission` (`id`),
  CONSTRAINT `auth_group_permissions_group_id_b120cbf9_fk_auth_group_id` FOREIGN KEY (`group_id`) REFERENCES `auth_group` (`id`)
) ENGINE=InnoDB DEFAULT CHARSET=utf8mb4 COLLATE=utf8mb4_unicode_ci;
/*!40101 SET character_set_client = @saved_cs_client */;

--
-- Dumping data for table `auth_group_permissions`
--

LOCK TABLES `auth_group_permissions` WRITE;
/*!40000 ALTER TABLE `auth_group_permissions` DISABLE KEYS */;
/*!40000 ALTER TABLE `auth_group_permissions` ENABLE KEYS */;
UNLOCK TABLES;

--
-- Table structure for table `auth_permission`
--

DROP TABLE IF EXISTS `auth_permission`;
/*!40101 SET @saved_cs_client     = @@character_set_client */;
/*!50503 SET character_set_client = utf8mb4 */;
CREATE TABLE `auth_permission` (
  `id` int NOT NULL AUTO_INCREMENT,
  `name` varchar(255) COLLATE utf8mb4_unicode_ci NOT NULL,
  `content_type_id` int NOT NULL,
  `codename` varchar(100) COLLATE utf8mb4_unicode_ci NOT NULL,
  PRIMARY KEY (`id`),
  UNIQUE KEY `auth_permission_content_type_id_codename_01ab375a_uniq` (`content_type_id`,`codename`),
  CONSTRAINT `auth_permission_content_type_id_2f476e4b_fk_django_co` FOREIGN KEY (`content_type_id`) REFERENCES `django_content_type` (`id`)
) ENGINE=InnoDB AUTO_INCREMENT=61 DEFAULT CHARSET=utf8mb4 COLLATE=utf8mb4_unicode_ci;
/*!40101 SET character_set_client = @saved_cs_client */;

--
-- Dumping data for table `auth_permission`
--

LOCK TABLES `auth_permission` WRITE;
/*!40000 ALTER TABLE `auth_permission` DISABLE KEYS */;
INSERT INTO `auth_permission` VALUES (1,'Can add log entry',1,'add_logentry'),(2,'Can change log entry',1,'change_logentry'),(3,'Can delete log entry',1,'delete_logentry'),(4,'Can view log entry',1,'view_logentry'),(5,'Can add permission',2,'add_permission'),(6,'Can change permission',2,'change_permission'),(7,'Can delete permission',2,'delete_permission'),(8,'Can view permission',2,'view_permission'),(9,'Can add group',3,'add_group'),(10,'Can change group',3,'change_group'),(11,'Can delete group',3,'delete_group'),(12,'Can view group',3,'view_group'),(13,'Can add user',4,'add_user'),(14,'Can change user',4,'change_user'),(15,'Can delete user',4,'delete_user'),(16,'Can view user',4,'view_user'),(17,'Can add content type',5,'add_contenttype'),(18,'Can change content type',5,'change_contenttype'),(19,'Can delete content type',5,'delete_contenttype'),(20,'Can view content type',5,'view_contenttype'),(21,'Can add session',6,'add_session'),(22,'Can change session',6,'change_session'),(23,'Can delete session',6,'delete_session'),(24,'Can view session',6,'view_session'),(25,'Can add blog type',7,'add_blogtype'),(26,'Can change blog type',7,'change_blogtype'),(27,'Can delete blog type',7,'delete_blogtype'),(28,'Can view blog type',7,'view_blogtype'),(29,'Can add blog',8,'add_blog'),(30,'Can change blog',8,'change_blog'),(31,'Can delete blog',8,'delete_blog'),(32,'Can view blog',8,'view_blog'),(33,'Can add read num',9,'add_readnum'),(34,'Can change read num',9,'change_readnum'),(35,'Can delete read num',9,'delete_readnum'),(36,'Can view read num',9,'view_readnum'),(37,'Can add read num',10,'add_readnum'),(38,'Can change read num',10,'change_readnum'),(39,'Can delete read num',10,'delete_readnum'),(40,'Can view read num',10,'view_readnum'),(41,'Can add read detail',11,'add_readdetail'),(42,'Can change read detail',11,'change_readdetail'),(43,'Can delete read detail',11,'delete_readdetail'),(44,'Can view read detail',11,'view_readdetail'),(45,'Can add comment',12,'add_comment'),(46,'Can change comment',12,'change_comment'),(47,'Can delete comment',12,'delete_comment'),(48,'Can view comment',12,'view_comment'),(49,'Can add like count',13,'add_likecount'),(50,'Can change like count',13,'change_likecount'),(51,'Can delete like count',13,'delete_likecount'),(52,'Can view like count',13,'view_likecount'),(53,'Can add like record',14,'add_likerecord'),(54,'Can change like record',14,'change_likerecord'),(55,'Can delete like record',14,'delete_likerecord'),(56,'Can view like record',14,'view_likerecord'),(57,'Can add profile',15,'add_profile'),(58,'Can change profile',15,'change_profile'),(59,'Can delete profile',15,'delete_profile'),(60,'Can view profile',15,'view_profile');
/*!40000 ALTER TABLE `auth_permission` ENABLE KEYS */;
UNLOCK TABLES;

--
-- Table structure for table `auth_user`
--

DROP TABLE IF EXISTS `auth_user`;
/*!40101 SET @saved_cs_client     = @@character_set_client */;
/*!50503 SET character_set_client = utf8mb4 */;
CREATE TABLE `auth_user` (
  `id` int NOT NULL AUTO_INCREMENT,
  `password` varchar(128) COLLATE utf8mb4_unicode_ci NOT NULL,
  `last_login` datetime(6) DEFAULT NULL,
  `is_superuser` tinyint(1) NOT NULL,
  `username` varchar(150) COLLATE utf8mb4_unicode_ci NOT NULL,
  `first_name` varchar(30) COLLATE utf8mb4_unicode_ci NOT NULL,
  `last_name` varchar(150) COLLATE utf8mb4_unicode_ci NOT NULL,
  `email` varchar(254) COLLATE utf8mb4_unicode_ci NOT NULL,
  `is_staff` tinyint(1) NOT NULL,
  `is_active` tinyint(1) NOT NULL,
  `date_joined` datetime(6) NOT NULL,
  PRIMARY KEY (`id`),
  UNIQUE KEY `username` (`username`)
) ENGINE=InnoDB AUTO_INCREMENT=7 DEFAULT CHARSET=utf8mb4 COLLATE=utf8mb4_unicode_ci;
/*!40101 SET character_set_client = @saved_cs_client */;

--
-- Dumping data for table `auth_user`
--

LOCK TABLES `auth_user` WRITE;
/*!40000 ALTER TABLE `auth_user` DISABLE KEYS */;
INSERT INTO `auth_user` VALUES (1,'pbkdf2_sha256$120000$X0Hwzcl6N9sO$lzjQBa8OsqHB+RK302zCRl/5DEjgkW0esVIMhccB1EE=','2020-12-03 08:37:52.500734',1,'zzz','','','1451843426@qq.com',1,1,'2020-11-28 13:15:59.311000'),(2,'pbkdf2_sha256$120000$g28I0Znxi3fE$ul0YPO9cLz83IRVQcxn/u2tWOKJ7FTzvv8Va+Brwqqw=','2020-12-02 15:41:00.000000',0,'zds','','','',0,1,'2020-11-30 15:37:00.000000'),(3,'pbkdf2_sha256$120000$WDX8ziBYVZx1$jyY7HZpr5fc328ag/EJeJg61xDFQnY+KCk4ShIE8lQc=','2020-12-02 12:25:00.000000',0,'zdsssss','','','',0,1,'2020-12-02 12:25:00.000000'),(4,'pbkdf2_sha256$120000$7estDPKq1sf0$iKEtj3HsbjczAxv+8fmNXzG4PHW09zwd9k6WujJAKI4=','2020-12-02 13:21:27.450000',0,'zxc','','','111@163.com',0,1,'2020-12-02 13:21:27.122000'),(6,'pbkdf2_sha256$120000$rT2eheQeKSM1$xm2NGcqZkmjY7UMPbAK6hU0TLFKrvMP6YlFlc/KWK5Y=','2020-12-02 15:49:13.476000',0,'DDD','','','cy8tfud3m@163.com',0,1,'2020-12-02 15:49:13.149000');
/*!40000 ALTER TABLE `auth_user` ENABLE KEYS */;
UNLOCK TABLES;

--
-- Table structure for table `auth_user_groups`
--

DROP TABLE IF EXISTS `auth_user_groups`;
/*!40101 SET @saved_cs_client     = @@character_set_client */;
/*!50503 SET character_set_client = utf8mb4 */;
CREATE TABLE `auth_user_groups` (
  `id` int NOT NULL AUTO_INCREMENT,
  `user_id` int NOT NULL,
  `group_id` int NOT NULL,
  PRIMARY KEY (`id`),
  UNIQUE KEY `auth_user_groups_user_id_group_id_94350c0c_uniq` (`user_id`,`group_id`),
  KEY `auth_user_groups_group_id_97559544_fk_auth_group_id` (`group_id`),
  CONSTRAINT `auth_user_groups_group_id_97559544_fk_auth_group_id` FOREIGN KEY (`group_id`) REFERENCES `auth_group` (`id`),
  CONSTRAINT `auth_user_groups_user_id_6a12ed8b_fk_auth_user_id` FOREIGN KEY (`user_id`) REFERENCES `auth_user` (`id`)
) ENGINE=InnoDB DEFAULT CHARSET=utf8mb4 COLLATE=utf8mb4_unicode_ci;
/*!40101 SET character_set_client = @saved_cs_client */;

--
-- Dumping data for table `auth_user_groups`
--

LOCK TABLES `auth_user_groups` WRITE;
/*!40000 ALTER TABLE `auth_user_groups` DISABLE KEYS */;
/*!40000 ALTER TABLE `auth_user_groups` ENABLE KEYS */;
UNLOCK TABLES;

--
-- Table structure for table `auth_user_user_permissions`
--

DROP TABLE IF EXISTS `auth_user_user_permissions`;
/*!40101 SET @saved_cs_client     = @@character_set_client */;
/*!50503 SET character_set_client = utf8mb4 */;
CREATE TABLE `auth_user_user_permissions` (
  `id` int NOT NULL AUTO_INCREMENT,
  `user_id` int NOT NULL,
  `permission_id` int NOT NULL,
  PRIMARY KEY (`id`),
  UNIQUE KEY `auth_user_user_permissions_user_id_permission_id_14a6b632_uniq` (`user_id`,`permission_id`),
  KEY `auth_user_user_permi_permission_id_1fbb5f2c_fk_auth_perm` (`permission_id`),
  CONSTRAINT `auth_user_user_permi_permission_id_1fbb5f2c_fk_auth_perm` FOREIGN KEY (`permission_id`) REFERENCES `auth_permission` (`id`),
  CONSTRAINT `auth_user_user_permissions_user_id_a95ead1b_fk_auth_user_id` FOREIGN KEY (`user_id`) REFERENCES `auth_user` (`id`)
) ENGINE=InnoDB DEFAULT CHARSET=utf8mb4 COLLATE=utf8mb4_unicode_ci;
/*!40101 SET character_set_client = @saved_cs_client */;

--
-- Dumping data for table `auth_user_user_permissions`
--

LOCK TABLES `auth_user_user_permissions` WRITE;
/*!40000 ALTER TABLE `auth_user_user_permissions` DISABLE KEYS */;
/*!40000 ALTER TABLE `auth_user_user_permissions` ENABLE KEYS */;
UNLOCK TABLES;

--
-- Table structure for table `blog_blog`
--

DROP TABLE IF EXISTS `blog_blog`;
/*!40101 SET @saved_cs_client     = @@character_set_client */;
/*!50503 SET character_set_client = utf8mb4 */;
CREATE TABLE `blog_blog` (
  `id` int NOT NULL AUTO_INCREMENT,
  `title` varchar(50) COLLATE utf8mb4_unicode_ci NOT NULL,
  `content` longtext COLLATE utf8mb4_unicode_ci NOT NULL,
  `created_time` datetime(6) NOT NULL,
  `last_updated_time` datetime(6) NOT NULL,
  `author_id` int NOT NULL,
  `blog_type_id` int NOT NULL,
  PRIMARY KEY (`id`),
  KEY `blog_blog_author_id_8791af69_fk_auth_user_id` (`author_id`),
  KEY `blog_blog_blog_type_id_de11bd65_fk_blog_blogtype_id` (`blog_type_id`),
  CONSTRAINT `blog_blog_author_id_8791af69_fk_auth_user_id` FOREIGN KEY (`author_id`) REFERENCES `auth_user` (`id`),
  CONSTRAINT `blog_blog_blog_type_id_de11bd65_fk_blog_blogtype_id` FOREIGN KEY (`blog_type_id`) REFERENCES `blog_blogtype` (`id`)
) ENGINE=InnoDB AUTO_INCREMENT=37 DEFAULT CHARSET=utf8mb4 COLLATE=utf8mb4_unicode_ci;
/*!40101 SET character_set_client = @saved_cs_client */;

--
-- Dumping data for table `blog_blog`
--

LOCK TABLES `blog_blog` WRITE;
/*!40000 ALTER TABLE `blog_blog` DISABLE KEYS */;
INSERT INTO `blog_blog` VALUES (1,'关于js反混淆','<h1>气氛是个人也奶不到，谁知道呢，我不知道我是不是英雄</h1>\r\n\r\n<p><img alt=\"\" src=\"/media/upload/2020/11/29/2.jpg\" style=\"width:1080px\" /></p>','2020-11-28 13:21:47.725000','2020-11-29 08:45:58.910000',1,1),(2,'爬虫类别','FCs BGF MHJG V','2020-11-28 13:24:44.156000','2020-11-28 13:24:44.156000',1,2),(3,'阿各打个VB','阿女是真的不李开NX离开你LNNL快开大了洗脑了哪里能吹喇叭NBNLFBVLANBKLBN权娜拉cNLNFLAE拿不了放牛班 你俩NFALKCDNL你LKNL那份','2020-11-28 13:56:27.396000','2020-11-28 13:56:27.396000',1,2),(4,'长内容测试','奥山试试所所所所所所所所所所所所所所所所所所所所所所所所所所所所所所所所所所所所所所所所所所所所所\r\n奥山试试所所所所所所所所所所所所所所所所所所所所所所所所所所所所所所所所所所所所所所所所所所所所所\r\n奥山试试所所所所所所所所所所所所所所所所所所所所所所所所所所所所所所所所所所所所所所所所所所所所所\r\n奥山试试所所所所所所所所所所所所所所所所所所所所所所所所所所所所所所所所所所所所所所所所所所所所所奥山试试所所所所所所所所所所所所所所所所所所所所所所所所所所所所所所所所所所所所所所所所所所所所所\r\n奥山试试所所所所所所所所所所所所所所所所所所所所所所所所所所所所所所所所所所所所所所所所所所所所所\r\n奥山试试所所所所所所所所所所所所所所所所所所所所所所所所所所所所所所所所所所所所所所所所所所所所所奥山试试所所所所所所所所所所所所所所所所所所所所所所所所所所所所所所所所所所所所所所所所所所所所所奥山试试所所所所所所所所所所所所所所所所所所所所所所所所所所所所所所所所所所所所所所所所所所所所所奥山试试所所所所所所所所所所所所所所所所所所所所所所所所所所所所所所所所所所所所所所所所所所所所所','2020-11-28 14:08:59.599000','2020-11-28 14:08:59.599000',1,1),(5,'chang内容测试','哈哈哈哈哈哈哈哈哈哈哈或或或或或或或或或或或或或或或或或或或或或或或或或或或哈哈哈哈哈哈哈哈哈哈哈或或或或或或或或或或或或或或或或或或或或或或或或或或或或或或或或或或或或哈哈哈哈哈哈哈哈哈哈哈或或或或或或或或或或或或或或或或或或或或或或或或或或或或或或或或或或哈哈哈哈哈哈哈哈哈哈哈或或或或或或或或或或或或或或或或或或或或或或或或或哈哈哈哈哈哈哈哈哈哈哈或或或或或或或或或或或或或或或或或或或或或或或或或或或哈哈哈哈哈哈哈哈哈哈哈或或或或或或或或或或或或或或或或或或或或或或或或或或或或或或或或或或或或哈哈哈哈哈哈哈哈哈哈哈或或或或或或或或或或或或或或或或或或或或或或或或或或或或或或或或或或哈哈哈哈哈哈哈哈哈哈哈或或或或或或或或或或或或或或或或或或或或或或或或或哈哈哈哈哈哈哈哈哈哈哈或或或或或或或或或或或或或或或或或或或或或或或或或或或哈哈哈哈哈哈哈哈哈哈哈或或或或或或或或或或或或或或或或或或或或或或或或或或或或或或或或或或或或哈哈哈哈哈哈哈哈哈哈哈或或或或或或或或或或或或或或或或或或或或或或或或或或或或或或或或或或哈哈哈哈哈哈哈哈哈哈哈或或或或或或或或或或或或或或或或或或或或或或或或或哈哈哈哈哈哈哈哈哈哈哈或或或或或或或或或或或或或或或或或或或或或或或或或或或哈哈哈哈哈哈哈哈哈哈哈或或或或或或或或或或或或或或或或或或或或或或或或或或或或或或或或或或或或哈哈哈哈哈哈哈哈哈哈哈或或或或或或或或或或或或或或或或或或或或或或或或或或或或或或或或或或哈哈哈哈哈哈哈哈哈哈哈或或或或或或或或或或或或或或或或或或或或或或或或或哈哈哈哈哈哈哈哈哈哈哈或或或或或或或或或或或或或或或或或或或或或或或或或或或哈哈哈哈哈哈哈哈哈哈哈或或或或或或或或或或或或或或或或或或或或或或或或或或或或或或或或或或或或哈哈哈哈哈哈哈哈哈哈哈或或或或或或或或或或或或或或或或或或或或或或或或或或或或或或或或或或哈哈哈哈哈哈哈哈哈哈哈或或或或或或或或或或或或或或或或或或或或或或或或或哈哈哈哈哈哈哈哈哈哈哈或或或或或或或或或或或或或或或或或或或或或或或或或或或哈哈哈哈哈哈哈哈哈哈哈或或或或或或或或或或或或或或或或或或或或或或或或或或或或或或或或或或或或哈哈哈哈哈哈哈哈哈哈哈或或或或或或或或或或或或或或或或或或或或或或或或或或或或或或或或或或哈哈哈哈哈哈哈哈哈哈哈或或或或或或或或或或或或或或或或或或或或或或或或或哈哈哈哈哈哈哈哈哈哈哈或或或或或或或或或或或或或或或或或或或或或或或或或或或哈哈哈哈哈哈哈哈哈哈哈或或或或或或或或或或或或或或或或或或或或或或或或或或或或或或或或或或或或哈哈哈哈哈哈哈哈哈哈哈或或或或或或或或或或或或或或或或或或或或或或或或或或或或或或或或或或哈哈哈哈哈哈哈哈哈哈哈或或或或或或或或或或或或或或或或或或或或或或或或或哈哈哈哈哈哈哈哈哈哈哈或或或或或或或或或或或或或或或或或或或或或或或或或或或哈哈哈哈哈哈哈哈哈哈哈或或或或或或或或或或或或或或或或或或或或或或或或或或或或或或或或或或或或哈哈哈哈哈哈哈哈哈哈哈或或或或或或或或或或或或或或或或或或或或或或或或或或或或或或或或或或哈哈哈哈哈哈哈哈哈哈哈或或或或或或或或或或或或或或或或或或或或或或或或或哈哈哈哈哈哈哈哈哈哈哈或或或或或或或或或或或或或或或或或或或或或或或或或或或哈哈哈哈哈哈哈哈哈哈哈或或或或或或或或或或或或或或或或或或或或或或或或或或或或或或或或或或或或哈哈哈哈哈哈哈哈哈哈哈或或或或或或或或或或或或或或或或或或或或或或或或或或或或或或或或或或哈哈哈哈哈哈哈哈哈哈哈或或或或或或或或或或或或或或或或或或或或或或或或或哈哈哈哈哈哈哈哈哈哈哈或或或或或或或或或或或或或或或或或或或或或或或或或或或哈哈哈哈哈哈哈哈哈哈哈或或或或或或或或或或或或或或或或或或或或或或或或或或或或或或或或或或或或哈哈哈哈哈哈哈哈哈哈哈或或或或或或或或或或或或或或或或或或或或或或或或或或或或或或或或或或哈哈哈哈哈哈哈哈哈哈哈或或或或或或或或或或或或或或或或或或或或或或或或或哈哈哈哈哈哈哈哈哈哈哈或或或或或或或或或或或或或或或或或或或或或或或或或或或哈哈哈哈哈哈哈哈哈哈哈或或或或或或或或或或或或或或或或或或或或或或或或或或或或或或或或或或或或哈哈哈哈哈哈哈哈哈哈哈或或或或或或或或或或或或或或或或或或或或或或或或或或或或或或或或或或哈哈哈哈哈哈哈哈哈哈哈或或或或或或或或或或或或或或或或或或或或或或或或或','2020-11-28 15:34:30.851000','2020-11-28 15:34:30.851000',1,2),(6,'shell模式下第一篇','kkkkkkkkkkkkkkkkkkkkkkkkkkkkkkkkk','2020-11-28 20:22:16.045000','2020-11-28 20:22:16.045000',1,1),(7,'第1篇','xxxxxxxxxxxxxxxxxxxxxxxxxxxxxx:1','2020-11-28 20:27:41.477000','2020-11-28 20:27:41.477000',1,1),(8,'第2篇','xxxxxxxxxxxxxxxxxxxxxxxxxxxxxx:2','2020-11-28 20:27:41.483000','2020-11-28 20:27:41.483000',1,1),(9,'第3篇','xxxxxxxxxxxxxxxxxxxxxxxxxxxxxx:3','2020-11-28 20:27:41.489000','2020-11-28 20:27:41.489000',1,1),(10,'第4篇','xxxxxxxxxxxxxxxxxxxxxxxxxxxxxx:4','2020-11-28 20:27:41.495000','2020-11-28 20:27:41.495000',1,1),(11,'第5篇','xxxxxxxxxxxxxxxxxxxxxxxxxxxxxx:5','2020-11-28 20:27:41.501000','2020-11-28 20:27:41.501000',1,1),(12,'第6篇','xxxxxxxxxxxxxxxxxxxxxxxxxxxxxx:6','2020-11-28 20:27:41.506000','2020-11-28 20:27:41.506000',1,1),(13,'第7篇','xxxxxxxxxxxxxxxxxxxxxxxxxxxxxx:7','2020-11-28 20:27:41.511000','2020-11-28 20:27:41.511000',1,1),(14,'第8篇','xxxxxxxxxxxxxxxxxxxxxxxxxxxxxx:8','2020-11-28 20:27:41.517000','2020-11-28 20:27:41.517000',1,1),(15,'第9篇','xxxxxxxxxxxxxxxxxxxxxxxxxxxxxx:9','2020-11-28 20:27:41.522000','2020-11-28 20:27:41.522000',1,1),(16,'第10篇','xxxxxxxxxxxxxxxxxxxxxxxxxxxxxx:10','2020-11-28 20:27:41.527000','2020-11-28 20:27:41.527000',1,1),(17,'第11篇','xxxxxxxxxxxxxxxxxxxxxxxxxxxxxx:11','2020-11-28 20:27:41.532000','2020-11-28 20:27:41.532000',1,1),(18,'第12篇','xxxxxxxxxxxxxxxxxxxxxxxxxxxxxx:12','2020-11-28 20:27:41.537000','2020-11-28 20:27:41.537000',1,1),(19,'第13篇','xxxxxxxxxxxxxxxxxxxxxxxxxxxxxx:13','2020-11-28 20:27:41.542000','2020-11-28 20:27:41.542000',1,1),(20,'第14篇','xxxxxxxxxxxxxxxxxxxxxxxxxxxxxx:14','2020-11-28 20:27:41.548000','2020-11-28 20:27:41.548000',1,1),(21,'第15篇','xxxxxxxxxxxxxxxxxxxxxxxxxxxxxx:15','2020-11-28 20:27:41.556000','2020-11-28 20:27:41.556000',1,1),(22,'第16篇','xxxxxxxxxxxxxxxxxxxxxxxxxxxxxx:16','2020-11-28 20:27:41.564000','2020-11-28 20:27:41.564000',1,1),(23,'第17篇','xxxxxxxxxxxxxxxxxxxxxxxxxxxxxx:17','2020-11-28 20:27:41.569000','2020-11-28 20:27:41.569000',1,1),(24,'第18篇','xxxxxxxxxxxxxxxxxxxxxxxxxxxxxx:18','2020-11-28 20:27:41.580000','2020-11-28 20:27:41.580000',1,1),(25,'第19篇','xxxxxxxxxxxxxxxxxxxxxxxxxxxxxx:19','2020-11-28 20:27:41.586000','2020-11-28 20:27:41.586000',1,1),(26,'第20篇','xxxxxxxxxxxxxxxxxxxxxxxxxxxxxx:20','2020-11-28 20:27:41.592000','2020-11-28 20:27:41.592000',1,1),(27,'第21篇','xxxxxxxxxxxxxxxxxxxxxxxxxxxxxx:21','2020-11-28 20:27:41.598000','2020-11-28 20:27:41.598000',1,1),(28,'第22篇','xxxxxxxxxxxxxxxxxxxxxxxxxxxxxx:22','2020-11-28 20:27:41.603000','2020-11-28 20:27:41.603000',1,1),(29,'第23篇','xxxxxxxxxxxxxxxxxxxxxxxxxxxxxx:23','2020-11-28 20:27:41.609000','2020-11-28 20:27:41.609000',1,1),(30,'第24篇','xxxxxxxxxxxxxxxxxxxxxxxxxxxxxx:24','2020-11-28 20:27:41.615000','2020-11-28 20:27:41.615000',1,1),(31,'第25篇','xxxxxxxxxxxxxxxxxxxxxxxxxxxxxx:25','2020-11-28 20:27:41.621000','2020-11-28 20:27:41.621000',1,1),(32,'第26篇','<p>xxxxxxxxxxxxxxxxxxxxxxxxxxxxxx:26</p>','2020-11-28 20:27:41.626000','2020-11-29 08:56:22.893000',1,1),(33,'第27篇','xxxxxxxxxxxxxxxxxxxxxxxxxxxxxx:27','2020-11-28 20:27:41.632000','2020-11-29 09:42:34.452000',1,1),(36,'第30篇','<h1>看来，不用专门在写一个图片分享表了，ckeditor牛批！！1<img alt=\"\" src=\"/media/upload/2020/11/29/1.png\" style=\"height:675px; width:1200px\" /></h1>','2020-11-28 20:27:41.648000','2020-11-29 09:41:57.826000',1,1);
/*!40000 ALTER TABLE `blog_blog` ENABLE KEYS */;
UNLOCK TABLES;

--
-- Table structure for table `blog_blogtype`
--

DROP TABLE IF EXISTS `blog_blogtype`;
/*!40101 SET @saved_cs_client     = @@character_set_client */;
/*!50503 SET character_set_client = utf8mb4 */;
CREATE TABLE `blog_blogtype` (
  `id` int NOT NULL AUTO_INCREMENT,
  `type_name` varchar(15) COLLATE utf8mb4_unicode_ci NOT NULL,
  PRIMARY KEY (`id`)
) ENGINE=InnoDB AUTO_INCREMENT=4 DEFAULT CHARSET=utf8mb4 COLLATE=utf8mb4_unicode_ci;
/*!40101 SET character_set_client = @saved_cs_client */;

--
-- Dumping data for table `blog_blogtype`
--

LOCK TABLES `blog_blogtype` WRITE;
/*!40000 ALTER TABLE `blog_blogtype` DISABLE KEYS */;
INSERT INTO `blog_blogtype` VALUES (1,'django'),(2,'爬虫'),(3,'魔兽');
/*!40000 ALTER TABLE `blog_blogtype` ENABLE KEYS */;
UNLOCK TABLES;

--
-- Table structure for table `comment_comment`
--

DROP TABLE IF EXISTS `comment_comment`;
/*!40101 SET @saved_cs_client     = @@character_set_client */;
/*!50503 SET character_set_client = utf8mb4 */;
CREATE TABLE `comment_comment` (
  `id` int NOT NULL AUTO_INCREMENT,
  `object_id` int unsigned NOT NULL,
  `text` longtext COLLATE utf8mb4_unicode_ci NOT NULL,
  `comment_time` datetime(6) NOT NULL,
  `content_type_id` int NOT NULL,
  `user_id` int NOT NULL,
  `parent_id` int DEFAULT NULL,
  `reply_to_id` int DEFAULT NULL,
  `root_id` int DEFAULT NULL,
  PRIMARY KEY (`id`),
  KEY `comment_comment_content_type_id_fbfb9793_fk_django_co` (`content_type_id`),
  KEY `comment_comment_parent_id_b612524c_fk_comment_comment_id` (`parent_id`),
  KEY `comment_comment_reply_to_id_e0adcef8_fk_auth_user_id` (`reply_to_id`),
  KEY `comment_comment_root_id_28721811_fk_comment_comment_id` (`root_id`),
  KEY `comment_comment_user_id_6078e57b_fk_auth_user_id` (`user_id`),
  CONSTRAINT `comment_comment_content_type_id_fbfb9793_fk_django_co` FOREIGN KEY (`content_type_id`) REFERENCES `django_content_type` (`id`),
  CONSTRAINT `comment_comment_parent_id_b612524c_fk_comment_comment_id` FOREIGN KEY (`parent_id`) REFERENCES `comment_comment` (`id`),
  CONSTRAINT `comment_comment_reply_to_id_e0adcef8_fk_auth_user_id` FOREIGN KEY (`reply_to_id`) REFERENCES `auth_user` (`id`),
  CONSTRAINT `comment_comment_root_id_28721811_fk_comment_comment_id` FOREIGN KEY (`root_id`) REFERENCES `comment_comment` (`id`),
  CONSTRAINT `comment_comment_user_id_6078e57b_fk_auth_user_id` FOREIGN KEY (`user_id`) REFERENCES `auth_user` (`id`)
) ENGINE=InnoDB AUTO_INCREMENT=139 DEFAULT CHARSET=utf8mb4 COLLATE=utf8mb4_unicode_ci;
/*!40101 SET character_set_client = @saved_cs_client */;

--
-- Dumping data for table `comment_comment`
--

LOCK TABLES `comment_comment` WRITE;
/*!40000 ALTER TABLE `comment_comment` DISABLE KEYS */;
INSERT INTO `comment_comment` VALUES (2,32,'4565','2020-11-30 13:24:41.258000',8,1,NULL,NULL,NULL),(3,32,'kkkkk','2020-11-30 13:24:45.449000',8,1,NULL,NULL,NULL),(4,32,'最好再来个评论','2020-11-30 13:31:41.077000',8,1,NULL,NULL,NULL),(5,32,'横扫六合','2020-11-30 13:49:14.022000',8,1,NULL,NULL,NULL),(6,36,'123','2020-11-30 15:38:33.737000',8,2,NULL,NULL,NULL),(7,36,'123','2020-11-30 15:38:37.331000',8,2,NULL,NULL,NULL),(8,36,'123','2020-11-30 15:38:40.153000',8,2,NULL,NULL,NULL),(9,36,'123','2020-11-30 15:38:44.203000',8,2,NULL,NULL,NULL),(10,36,'123','2020-11-30 15:38:46.945000',8,2,NULL,NULL,NULL),(11,36,'123','2020-11-30 15:38:52.449000',8,2,NULL,NULL,NULL),(12,28,'dsac','2020-11-30 16:19:49.033000',8,1,NULL,NULL,NULL),(14,28,'adcaervger','2020-11-30 16:49:16.912000',8,1,NULL,NULL,NULL),(15,28,'pppppppppppppppp','2020-11-30 17:13:47.385000',8,1,NULL,NULL,NULL),(16,1,'<p><strong>几级积极军军军军军军军军军军军军</strong></p>','2020-11-30 18:25:23.164000',8,1,NULL,NULL,NULL),(17,1,'<p><strong>几级积极军军军军军军军军军军军军</strong></p>','2020-11-30 18:25:55.188000',8,1,NULL,NULL,NULL),(18,1,'<p><strong>几级积极军军军军军军军军军军军军</strong></p>','2020-11-30 18:27:02.484000',8,1,NULL,NULL,NULL),(19,1,'<p>678</p>','2020-11-30 18:29:19.828000',8,1,NULL,NULL,NULL),(20,1,'<p>99999999999</p>','2020-11-30 18:32:35.672000',8,1,NULL,NULL,NULL),(21,1,'<p>咔咔咔咔咔咔扩扩扩扩扩扩扩扩扩扩扩扩</p>','2020-11-30 18:43:32.869000',8,1,NULL,NULL,NULL),(22,1,'<p>呜呜呜呜呜呜呜</p>','2020-11-30 18:44:12.101000',8,1,NULL,NULL,NULL),(23,1,'<p>呜呜呜呜呜呜呜</p>','2020-11-30 18:44:55.597000',8,1,NULL,NULL,NULL),(24,1,'<p>111111111</p>','2020-11-30 18:55:09.686000',8,1,NULL,NULL,NULL),(25,1,'<p>1111111111</p>','2020-11-30 18:58:29.676000',8,1,NULL,NULL,NULL),(26,1,'<p>1111111111</p>','2020-11-30 18:58:42.085000',8,1,NULL,NULL,NULL),(27,1,'<p>1111111111</p>','2020-11-30 18:58:51.813000',8,1,NULL,NULL,NULL),(28,1,'<p>22222222222222</p>','2020-11-30 18:58:53.237000',8,1,NULL,NULL,NULL),(29,1,'<p>22222222222222</p>','2020-11-30 18:58:53.836000',8,1,NULL,NULL,NULL),(30,1,'<p>qqqqqqqqqqqqqq</p>','2020-11-30 19:01:27.933000',8,1,NULL,NULL,NULL),(31,1,'<p>11111111</p>','2020-11-30 19:06:15.374000',8,1,NULL,NULL,NULL),(32,1,'<p>2222222222222</p>','2020-11-30 19:06:24.804000',8,1,NULL,NULL,NULL),(33,1,'<p>凄凄切切群群群群群群群群群群群群</p>','2020-11-30 19:11:56.060000',8,1,NULL,NULL,NULL),(34,1,'<p>反反复复付付付付付付</p>','2020-11-30 19:15:14.934000',8,1,NULL,NULL,NULL),(35,1,'<p>反反复复付付付付付付</p>','2020-11-30 19:15:24.430000',8,1,NULL,NULL,NULL),(36,1,'<p>哦哦哦哦哦哦哦</p>','2020-11-30 19:15:29.612000',8,1,NULL,NULL,NULL),(37,1,'<p>ppppppppp</p>','2020-11-30 19:15:51.332000',8,1,NULL,NULL,NULL),(38,1,'<p>ppppppppp</p>','2020-11-30 19:15:51.372000',8,1,NULL,NULL,NULL),(39,1,'<p>ppppppppp</p>','2020-11-30 19:15:58.821000',8,1,NULL,NULL,NULL),(40,1,'<p>ppppppppp</p>','2020-11-30 19:16:00.516000',8,1,NULL,NULL,NULL),(41,1,'<p>ppppppppp</p>','2020-11-30 19:16:02.084000',8,1,NULL,NULL,NULL),(42,1,'<p>去去去去去去去去去去去</p>','2020-11-30 19:16:16.174000',8,1,NULL,NULL,NULL),(43,1,'<p>去去去去去去去去去去去群</p>','2020-11-30 19:16:27.079000',8,1,NULL,NULL,NULL),(44,1,'<p>咕咕咕咕咕咕过过过过过</p>','2020-11-30 19:16:34.636000',8,1,NULL,NULL,NULL),(45,1,'<p>咕咕咕咕咕咕过过过过过</p>','2020-11-30 19:16:36.243000',8,1,NULL,NULL,NULL),(46,1,'<p>呀呀呀呀呀呀晕晕晕晕晕晕晕晕</p>','2020-11-30 19:17:06.301000',8,1,NULL,NULL,NULL),(47,1,'<p>不不不不不不不不不不不不不不不不不不vv&nbsp; &nbsp; &nbsp; &nbsp; &nbsp; &nbsp; &nbsp;</p>','2020-11-30 19:17:46.814000',8,1,NULL,NULL,NULL),(48,1,'<p>去去去去去去去去去去去群群</p>','2020-11-30 19:18:35.730000',8,1,NULL,NULL,NULL),(49,1,'<p>去去去去去去去去去去去群群</p>','2020-11-30 19:18:35.766000',8,1,NULL,NULL,NULL),(50,1,'<p>咕咕咕咕咕咕过过过过过过过过过过过</p>','2020-11-30 19:18:49.906000',8,1,NULL,NULL,NULL),(51,1,'<p>咕咕咕咕咕咕过过过过过过过过过过过</p>','2020-11-30 19:18:49.941000',8,1,NULL,NULL,NULL),(52,1,'<p>啪啪啪啪啪啪铺铺铺铺铺铺</p>','2020-11-30 19:19:55.677000',8,1,NULL,NULL,NULL),(53,1,'<p>啪啪啪啪啪啪铺铺铺铺铺铺</p>','2020-11-30 19:19:58.852000',8,1,NULL,NULL,NULL),(54,1,'<p>啪啪啪啪啪啪铺铺铺铺铺铺</p>','2020-11-30 19:20:03.357000',8,1,NULL,NULL,NULL),(55,1,'<p>呀呀呀呀呀呀晕晕晕晕晕晕晕晕晕晕晕晕</p>','2020-11-30 19:20:06.270000',8,1,NULL,NULL,NULL),(56,1,'<p>899</p>','2020-11-30 19:21:42.959000',8,1,NULL,NULL,NULL),(57,1,'<p>899</p>','2020-11-30 19:21:42.983000',8,1,NULL,NULL,NULL),(58,1,'<p>998</p>','2020-11-30 19:22:50.930000',8,1,NULL,NULL,NULL),(59,1,'<p>887</p>','2020-11-30 19:23:01.329000',8,1,NULL,NULL,NULL),(60,33,'<p>123</p>','2020-11-30 19:23:37.441000',8,1,NULL,NULL,NULL),(61,29,'<p>1111</p>','2020-12-01 05:01:28.861000',8,1,NULL,NULL,NULL),(62,29,'<p>1111</p>','2020-12-01 05:02:21.726000',8,1,NULL,NULL,NULL),(63,29,'<p>222</p>','2020-12-01 05:02:30.396000',8,1,NULL,NULL,NULL),(64,29,'<p>4444</p>','2020-12-01 05:02:53.598000',8,1,NULL,NULL,NULL),(65,29,'<p>gggggg</p>','2020-12-01 05:03:14.365000',8,1,NULL,NULL,NULL),(66,20,'<p>123</p>','2020-12-01 05:11:18.148000',8,1,NULL,NULL,NULL),(67,20,'<p>456</p>','2020-12-01 05:11:58.467000',8,1,NULL,NULL,NULL),(68,20,'<p>ghj</p>','2020-12-01 05:12:56.106000',8,1,NULL,NULL,NULL),(69,20,'<p>ijk</p>','2020-12-01 05:13:12.547000',8,1,NULL,NULL,NULL),(70,20,'<p><span style=\"color:#27ae60\">fds&nbsp;&nbsp;<img alt=\"surprise\" height=\"23\" src=\"http://localhost:8000/static/ckeditor/ckeditor/plugins/smiley/images/omg_smile.png\" title=\"surprise\" width=\"23\" /></span></p>','2020-12-01 05:15:22.986000',8,1,NULL,NULL,NULL),(71,20,'<p>123</p>','2020-12-01 05:27:21.650000',8,1,NULL,NULL,NULL),(72,20,'<p>123</p>','2020-12-01 05:28:36.501000',8,1,NULL,NULL,NULL),(73,21,'<p>45566</p>','2020-12-01 05:29:01.556000',8,1,NULL,NULL,NULL),(74,21,'<p>678</p>','2020-12-01 05:29:31.437000',8,1,NULL,NULL,NULL),(75,21,'<p>jkl</p>','2020-12-01 05:29:49.936000',8,1,NULL,NULL,NULL),(77,36,'<p>kkkk</p>','2020-12-01 09:25:54.523000',8,1,NULL,NULL,NULL),(78,36,'<p>长门赛高！！！！</p>','2020-12-01 11:26:32.538000',8,1,NULL,NULL,NULL),(79,79,'天下一场梦','2020-12-01 11:55:35.044000',8,2,78,1,78),(80,36,'<p>凄凄切切群群群群群群群群群群群群群群群群群群群群群群群群群群群群群群群群群群群群群群群群群群群群群群群凄凄切切群群群群群群群群群群群群群群群群群群群群群群群群群群群群群群群群群群群群群群群群群群群群群群群凄凄切切群群群群群群群群群群群群群群群群群群群群群群群群群群群群群群群群群群群群群群群群群群群群群群群凄凄切切群群群群群群群群群群群群群群群群群群群群群群群群群群群群群群群群群群群群群群群群群群群群群群群凄凄切切群群群群群群群群群群群群群群群群群群群群群群群群群群群群群群群群群群群群群群群群群群群群群群群凄凄切切群群群群群群群群群群群群群群群群群群群群群群群群群群群群群群群群群群群群群群群群群群群群群群群凄凄切切群群群群群群群群群群群群群群群群群群群群群群群群群群群群群群群群群群群群群群群群群群群群群群群凄凄切切群群群群群群群群群群群群群群群群群群群群群群群群群群群群群群群群群群群群群群群群群群群群群群群</p>','2020-12-01 12:06:46.152000',8,1,NULL,NULL,NULL),(81,36,'<p>你怕不是个傻子</p>','2020-12-01 13:31:57.165000',8,1,80,1,80),(82,36,'<p>大神仙</p>','2020-12-01 14:06:27.051000',8,1,81,1,80),(83,36,'<p>111</p>','2020-12-01 14:10:28.891000',8,1,82,1,80),(84,36,'<p>111</p>','2020-12-01 14:12:40.066000',8,1,83,1,80),(86,36,'<p>神一般的速度</p>','2020-12-01 14:46:47.856000',8,1,NULL,NULL,NULL),(87,36,'<p>牛批！！！！</p>','2020-12-01 14:46:54.885000',8,1,86,1,86),(88,36,'<p>111</p>','2020-12-01 14:47:10.482000',8,1,87,1,86),(89,36,'<p>1111</p>','2020-12-01 14:51:50.055000',8,1,86,1,86),(90,5,'<p>第一条</p>\r\n\r\n<p>&nbsp;</p>','2020-12-01 14:52:36.038000',8,1,NULL,NULL,NULL),(91,5,'<p>第二条</p>\r\n\r\n<p>&nbsp;</p>','2020-12-01 14:52:43.002000',8,1,NULL,NULL,NULL),(92,5,'<p>1111</p>','2020-12-01 22:54:09.543000',8,1,NULL,NULL,NULL),(93,5,'<p>11111111</p>','2020-12-01 15:02:59.240000',8,1,92,1,92),(94,5,'<p>11111111</p>','2020-12-01 15:03:01.764000',8,1,92,1,92),(95,5,'<p>11111111</p>','2020-12-01 15:03:02.130000',8,1,92,1,92),(96,5,'<p>11111111</p>','2020-12-01 15:03:02.322000',8,1,92,1,92),(97,5,'<p>11111111</p>','2020-12-01 15:03:02.506000',8,1,92,1,92),(98,5,'<p>11111111</p>','2020-12-01 15:03:02.706000',8,1,92,1,92),(99,5,'<p>11111111</p>','2020-12-01 15:03:02.890000',8,1,92,1,92),(100,5,'<p>11111111</p>','2020-12-01 15:03:03.058000',8,1,92,1,92),(101,5,'<p>11111111</p>','2020-12-01 15:03:03.243000',8,1,92,1,92),(102,5,'<p>11111111</p>','2020-12-01 15:03:03.426000',8,1,92,1,92),(103,5,'<p>11111111</p>','2020-12-01 15:03:03.618000',8,1,92,1,92),(104,5,'<p>11111111</p>','2020-12-01 15:03:04.010000',8,1,92,1,92),(105,5,'<p>11111111</p>','2020-12-01 15:03:04.299000',8,1,92,1,92),(106,5,'<p>22222222222222222</p>','2020-12-01 15:03:25.406000',8,1,NULL,NULL,NULL),(107,3,'<p>反反复复付</p>','2020-12-01 15:04:52.867000',8,1,NULL,NULL,NULL),(108,3,'<p>111</p>','2020-12-01 15:06:15.634000',8,1,NULL,NULL,NULL),(109,3,'<p>2222</p>','2020-12-01 15:06:44.820000',8,1,NULL,NULL,NULL),(110,3,'<p>111</p>','2020-12-01 15:10:03.560000',8,1,NULL,NULL,NULL),(111,3,'<p>222</p>','2020-12-01 15:11:43.804000',8,1,NULL,NULL,NULL),(112,3,'<p>222</p>','2020-12-01 15:13:02.597000',8,1,110,1,110),(113,3,'<p>123</p>','2020-12-01 15:14:07.300000',8,1,NULL,NULL,NULL),(114,3,'<p>213</p>','2020-12-01 15:15:30.670000',8,1,NULL,NULL,NULL),(115,3,'<p>567</p>','2020-12-01 15:16:40.284000',8,1,NULL,NULL,NULL),(116,3,'<p>908</p>','2020-12-01 15:22:45.869000',8,1,NULL,NULL,NULL),(117,36,'<p>123</p>','2020-12-01 15:25:57.207000',8,1,86,1,86),(118,36,'<p>ooo</p>','2020-12-02 07:02:29.672000',8,1,NULL,NULL,NULL),(119,36,'<p>111</p>','2020-12-02 07:45:23.693000',8,1,NULL,NULL,NULL),(120,33,'<p>123</p>','2020-12-02 07:45:51.267000',8,1,NULL,NULL,NULL),(121,33,'<p>ffffff</p>','2020-12-02 07:48:14.221000',8,1,NULL,NULL,NULL),(122,33,'<p>111</p>','2020-12-02 07:48:45.371000',8,1,121,1,121),(123,33,'<p>1111</p>','2020-12-02 07:49:27.125000',8,1,NULL,NULL,NULL),(124,33,'<p>1111</p>','2020-12-02 07:49:31.034000',8,1,123,1,123),(125,36,'<p>1</p>\r\n\r\n<p>&nbsp;</p>','2020-12-02 13:02:42.977000',8,1,88,1,86),(126,36,'<p>11111111111</p>','2020-12-03 05:03:33.626000',8,1,119,1,119),(127,36,'<p>11111111111</p>','2020-12-03 05:03:39.191000',8,1,119,1,119),(128,36,'<p>333</p>','2020-12-03 05:03:47.595000',8,1,NULL,NULL,NULL),(129,36,'<p>vvvvvvvv</p>','2020-12-03 05:05:13.579000',8,1,NULL,NULL,NULL),(130,36,'<p>11111</p>','2020-12-03 05:09:14.003000',8,1,NULL,NULL,NULL),(131,36,'<p>ggggg</p>','2020-12-03 05:11:28.770000',8,1,NULL,NULL,NULL),(132,36,'<p>pppppppppppp</p>','2020-12-03 05:11:36.519000',8,1,NULL,NULL,NULL),(133,36,'<p>回复评论发送邮件通知测试</p>','2020-12-03 05:15:24.233000',8,1,132,1,132),(134,36,'<p>多线程发邮件测试</p>','2020-12-03 05:29:07.065000',8,1,NULL,NULL,NULL),(135,36,'<p>html邮件测试</p>','2020-12-03 05:34:07.998000',8,1,NULL,NULL,NULL),(136,36,'<p>html邮件测试</p>','2020-12-03 05:34:30.577000',8,1,NULL,NULL,NULL),(137,36,'<p>html邮件测试</p>','2020-12-03 05:36:19.295000',8,1,NULL,NULL,NULL),(138,36,'<p>使用模板发送</p>','2020-12-03 05:42:09.264000',8,1,NULL,NULL,NULL);
/*!40000 ALTER TABLE `comment_comment` ENABLE KEYS */;
UNLOCK TABLES;

--
-- Table structure for table `django_admin_log`
--

DROP TABLE IF EXISTS `django_admin_log`;
/*!40101 SET @saved_cs_client     = @@character_set_client */;
/*!50503 SET character_set_client = utf8mb4 */;
CREATE TABLE `django_admin_log` (
  `id` int NOT NULL AUTO_INCREMENT,
  `action_time` datetime(6) NOT NULL,
  `object_id` longtext COLLATE utf8mb4_unicode_ci,
  `object_repr` varchar(200) COLLATE utf8mb4_unicode_ci NOT NULL,
  `action_flag` smallint unsigned NOT NULL,
  `change_message` longtext COLLATE utf8mb4_unicode_ci NOT NULL,
  `content_type_id` int DEFAULT NULL,
  `user_id` int NOT NULL,
  PRIMARY KEY (`id`),
  KEY `django_admin_log_content_type_id_c4bce8eb_fk_django_co` (`content_type_id`),
  KEY `django_admin_log_user_id_c564eba6_fk_auth_user_id` (`user_id`),
  CONSTRAINT `django_admin_log_content_type_id_c4bce8eb_fk_django_co` FOREIGN KEY (`content_type_id`) REFERENCES `django_content_type` (`id`),
  CONSTRAINT `django_admin_log_user_id_c564eba6_fk_auth_user_id` FOREIGN KEY (`user_id`) REFERENCES `auth_user` (`id`)
) ENGINE=InnoDB AUTO_INCREMENT=43 DEFAULT CHARSET=utf8mb4 COLLATE=utf8mb4_unicode_ci;
/*!40101 SET character_set_client = @saved_cs_client */;

--
-- Dumping data for table `django_admin_log`
--

LOCK TABLES `django_admin_log` WRITE;
/*!40000 ALTER TABLE `django_admin_log` DISABLE KEYS */;
INSERT INTO `django_admin_log` VALUES (1,'2020-11-28 13:21:15.651000','1','BlogType object (1)',1,'[{\"added\": {}}]',7,1),(2,'2020-11-28 13:21:20.874000','2','BlogType object (2)',1,'[{\"added\": {}}]',7,1),(3,'2020-11-28 13:21:47.733000','1','Blog object (1)',1,'[{\"added\": {}}]',8,1),(4,'2020-11-28 13:24:44.160000','2','<博客： 爬虫类别>',1,'[{\"added\": {}}]',8,1),(5,'2020-11-28 13:56:27.399000','3','<博客： 阿各打个VB>',1,'[{\"added\": {}}]',8,1),(6,'2020-11-28 14:08:59.601000','4','<博客： 长内容测试>',1,'[{\"added\": {}}]',8,1),(7,'2020-11-28 15:34:30.853000','5','<博客： chang内容测试>',1,'[{\"added\": {}}]',8,1),(8,'2020-11-29 08:00:07.304000','3','魔兽',1,'[{\"added\": {}}]',7,1),(9,'2020-11-29 08:31:15.488000','1','<博客： 关于js反混淆>',2,'[{\"changed\": {\"fields\": [\"content\"]}}]',8,1),(10,'2020-11-29 08:31:59.805000','1','<博客： 关于js反混淆>',2,'[{\"changed\": {\"fields\": [\"content\"]}}]',8,1),(11,'2020-11-29 08:43:43.655000','1','<博客： 关于js反混淆>',2,'[{\"changed\": {\"fields\": [\"content\"]}}]',8,1),(12,'2020-11-29 08:44:54.715000','1','<博客： 关于js反混淆>',2,'[{\"changed\": {\"fields\": [\"content\"]}}]',8,1),(13,'2020-11-29 08:45:58.913000','1','<博客： 关于js反混淆>',2,'[{\"changed\": {\"fields\": [\"content\"]}}]',8,1),(14,'2020-11-29 08:46:26.073000','36','<博客： 第30篇>',2,'[{\"changed\": {\"fields\": [\"content\"]}}]',8,1),(15,'2020-11-29 08:49:05.753000','36','<博客： 第30篇>',2,'[{\"changed\": {\"fields\": [\"content\"]}}]',8,1),(16,'2020-11-29 08:55:57.898000','35','<博客： 第29篇>',3,'',8,1),(17,'2020-11-29 08:55:57.907000','34','<博客： 第28篇>',3,'',8,1),(18,'2020-11-29 08:56:22.894000','32','<博客： 第26篇>',2,'[{\"changed\": {\"fields\": [\"content\", \"readed_num\"]}}]',8,1),(19,'2020-11-29 09:57:34.664000','1','ReadNum object (1)',1,'[{\"added\": {}}]',9,1),(20,'2020-11-29 10:02:47.833000','2','ReadNum object (2)',1,'[{\"added\": {}}]',9,1),(21,'2020-11-29 12:28:20.704000','3','ReadNum object (3)',1,'[{\"added\": {}}]',9,1),(22,'2020-11-29 12:56:52.295000','1','ReadNum object (1)',1,'[{\"added\": {}}]',10,1),(23,'2020-11-29 14:11:29.055000','1','ReadDetail object (1)',1,'[{\"added\": {}}]',11,1),(24,'2020-11-29 14:12:03.623000','1','ReadDetail object (1)',2,'[{\"changed\": {\"fields\": [\"read_num\"]}}]',11,1),(25,'2020-11-30 11:52:18.912000','1','Comment object (1)',1,'[{\"added\": {}}]',12,1),(26,'2020-11-30 13:25:06.318000','1','Comment object (1)',3,'',12,1),(27,'2020-11-30 15:44:42.324000','2','zds',2,'[{\"changed\": {\"fields\": [\"is_superuser\", \"last_login\"]}}]',4,1),(28,'2020-12-01 11:55:35.047000','79','评论id:天下一场梦',1,'[{\"added\": {}}]',12,1),(29,'2020-12-01 11:56:16.872000','79','评论id:天下一场梦',2,'[]',12,1),(30,'2020-12-01 15:45:10.122000','13','评论id:121r4',3,'',12,1),(31,'2020-12-01 15:45:23.868000','76','评论id:<p>&nbsp; &nbsp; 123</p>',3,'',12,1),(32,'2020-12-02 11:20:32.982000','1','<Profile:一条大狗 for zds>',1,'[{\"added\": {}}]',15,1),(33,'2020-12-02 11:41:23.859000','2','zds',2,'[{\"changed\": {\"fields\": [\"is_superuser\"]}}]',4,1),(39,'2020-12-02 15:34:03.404000','5','sss',2,'[{\"changed\": {\"fields\": [\"email\"]}}]',4,1),(40,'2020-12-02 15:34:13.943000','5','sss',3,'',4,1),(41,'2020-12-02 15:37:53.204000','3','zdsssss',2,'[{\"changed\": {\"fields\": [\"email\", \"last_login\"]}}]',4,1),(42,'2020-12-02 15:48:31.390000','2','zds',2,'[{\"changed\": {\"fields\": [\"email\", \"last_login\"]}}]',4,1);
/*!40000 ALTER TABLE `django_admin_log` ENABLE KEYS */;
UNLOCK TABLES;

--
-- Table structure for table `django_content_type`
--

DROP TABLE IF EXISTS `django_content_type`;
/*!40101 SET @saved_cs_client     = @@character_set_client */;
/*!50503 SET character_set_client = utf8mb4 */;
CREATE TABLE `django_content_type` (
  `id` int NOT NULL AUTO_INCREMENT,
  `app_label` varchar(100) COLLATE utf8mb4_unicode_ci NOT NULL,
  `model` varchar(100) COLLATE utf8mb4_unicode_ci NOT NULL,
  PRIMARY KEY (`id`),
  UNIQUE KEY `django_content_type_app_label_model_76bd3d3b_uniq` (`app_label`,`model`)
) ENGINE=InnoDB AUTO_INCREMENT=16 DEFAULT CHARSET=utf8mb4 COLLATE=utf8mb4_unicode_ci;
/*!40101 SET character_set_client = @saved_cs_client */;

--
-- Dumping data for table `django_content_type`
--

LOCK TABLES `django_content_type` WRITE;
/*!40000 ALTER TABLE `django_content_type` DISABLE KEYS */;
INSERT INTO `django_content_type` VALUES (1,'admin','logentry'),(3,'auth','group'),(2,'auth','permission'),(4,'auth','user'),(8,'blog','blog'),(7,'blog','blogtype'),(9,'blog','readnum'),(12,'comment','comment'),(5,'contenttypes','contenttype'),(13,'likes','likecount'),(14,'likes','likerecord'),(11,'read_statistics','readdetail'),(10,'read_statistics','readnum'),(6,'sessions','session'),(15,'user','profile');
/*!40000 ALTER TABLE `django_content_type` ENABLE KEYS */;
UNLOCK TABLES;

--
-- Table structure for table `django_migrations`
--

DROP TABLE IF EXISTS `django_migrations`;
/*!40101 SET @saved_cs_client     = @@character_set_client */;
/*!50503 SET character_set_client = utf8mb4 */;
CREATE TABLE `django_migrations` (
  `id` int NOT NULL AUTO_INCREMENT,
  `app` varchar(255) COLLATE utf8mb4_unicode_ci NOT NULL,
  `name` varchar(255) COLLATE utf8mb4_unicode_ci NOT NULL,
  `applied` datetime(6) NOT NULL,
  PRIMARY KEY (`id`)
) ENGINE=InnoDB AUTO_INCREMENT=37 DEFAULT CHARSET=utf8mb4 COLLATE=utf8mb4_unicode_ci;
/*!40101 SET character_set_client = @saved_cs_client */;

--
-- Dumping data for table `django_migrations`
--

LOCK TABLES `django_migrations` WRITE;
/*!40000 ALTER TABLE `django_migrations` DISABLE KEYS */;
INSERT INTO `django_migrations` VALUES (1,'contenttypes','0001_initial','2020-12-03 08:11:36.462549'),(2,'auth','0001_initial','2020-12-03 08:11:37.271530'),(3,'admin','0001_initial','2020-12-03 08:11:37.450533'),(4,'admin','0002_logentry_remove_auto_add','2020-12-03 08:11:37.464495'),(5,'admin','0003_logentry_add_action_flag_choices','2020-12-03 08:11:37.475468'),(6,'contenttypes','0002_remove_content_type_name','2020-12-03 08:11:37.596143'),(7,'auth','0002_alter_permission_name_max_length','2020-12-03 08:11:37.661423'),(8,'auth','0003_alter_user_email_max_length','2020-12-03 08:11:37.688351'),(9,'auth','0004_alter_user_username_opts','2020-12-03 08:11:37.699321'),(10,'auth','0005_alter_user_last_login_null','2020-12-03 08:11:37.770639'),(11,'auth','0006_require_contenttypes_0002','2020-12-03 08:11:37.776624'),(12,'auth','0007_alter_validators_add_error_messages','2020-12-03 08:11:37.786597'),(13,'auth','0008_alter_user_username_max_length','2020-12-03 08:11:37.858912'),(14,'auth','0009_alter_user_last_name_max_length','2020-12-03 08:11:37.932147'),(15,'blog','0001_initial','2020-12-03 08:11:38.141426'),(16,'blog','0002_auto_20201128_2146','2020-12-03 08:11:38.234329'),(17,'blog','0003_auto_20201129_0435','2020-12-03 08:11:38.245300'),(18,'blog','0004_auto_20201129_1629','2020-12-03 08:11:38.256271'),(19,'blog','0005_auto_20201129_1642','2020-12-03 08:11:38.267242'),(20,'blog','0006_blog_readed_num','2020-12-03 08:11:38.312152'),(21,'blog','0007_auto_20201129_1754','2020-12-03 08:11:38.503608'),(22,'blog','0008_auto_20201129_1959','2020-12-03 08:11:38.590405'),(23,'blog','0009_auto_20201129_2053','2020-12-03 08:11:38.674153'),(24,'blog','0010_auto_20201202_0018','2020-12-03 08:11:38.839710'),(25,'comment','0001_initial','2020-12-03 08:11:39.004271'),(26,'comment','0002_auto_20201201_1933','2020-12-03 08:11:39.051144'),(27,'comment','0003_auto_20201201_1937','2020-12-03 08:11:39.205897'),(28,'comment','0004_auto_20201201_1948','2020-12-03 08:11:39.406361'),(29,'comment','0005_auto_20201201_1951','2020-12-03 08:11:39.607387'),(30,'comment','0006_auto_20201202_0018','2020-12-03 08:11:40.146558'),(31,'likes','0001_initial','2020-12-03 08:11:40.392897'),(32,'read_statistics','0001_initial','2020-12-03 08:11:40.488609'),(33,'read_statistics','0002_readdetail','2020-12-03 08:11:40.589338'),(34,'sessions','0001_initial','2020-12-03 08:11:40.638207'),(35,'user','0001_initial','2020-12-03 08:11:40.738938'),(36,'user','0002_auto_20201203_1311','2020-12-03 08:11:40.750932');
/*!40000 ALTER TABLE `django_migrations` ENABLE KEYS */;
UNLOCK TABLES;

--
-- Table structure for table `django_session`
--

DROP TABLE IF EXISTS `django_session`;
/*!40101 SET @saved_cs_client     = @@character_set_client */;
/*!50503 SET character_set_client = utf8mb4 */;
CREATE TABLE `django_session` (
  `session_key` varchar(40) COLLATE utf8mb4_unicode_ci NOT NULL,
  `session_data` longtext COLLATE utf8mb4_unicode_ci NOT NULL,
  `expire_date` datetime(6) NOT NULL,
  PRIMARY KEY (`session_key`),
  KEY `django_session_expire_date_a5c62663` (`expire_date`)
) ENGINE=InnoDB DEFAULT CHARSET=utf8mb4 COLLATE=utf8mb4_unicode_ci;
/*!40101 SET character_set_client = @saved_cs_client */;

--
-- Dumping data for table `django_session`
--

LOCK TABLES `django_session` WRITE;
/*!40000 ALTER TABLE `django_session` DISABLE KEYS */;
INSERT INTO `django_session` VALUES ('5ovtwfzgvhxd9ussboo1323e9kr20mqj','ZjUwOTcwNzE2MTM2NjQzMzY5OTAzZTg1M2NlZDQ3NTZiYTk5MzgwNzp7Il9hdXRoX3VzZXJfaWQiOiIxIiwiX2F1dGhfdXNlcl9iYWNrZW5kIjoiZGphbmdvLmNvbnRyaWIuYXV0aC5iYWNrZW5kcy5Nb2RlbEJhY2tlbmQiLCJfYXV0aF91c2VyX2hhc2giOiJkNDIxODdjNjk2MmVhMTNhOWE0NDdkZDJjZWMzNjgyYzM3MjU3MDhmIn0=','2020-12-12 15:33:49.621000'),('b2o5s6k3nib8uzayijfm92g7ge7g60c6','ZjUwOTcwNzE2MTM2NjQzMzY5OTAzZTg1M2NlZDQ3NTZiYTk5MzgwNzp7Il9hdXRoX3VzZXJfaWQiOiIxIiwiX2F1dGhfdXNlcl9iYWNrZW5kIjoiZGphbmdvLmNvbnRyaWIuYXV0aC5iYWNrZW5kcy5Nb2RlbEJhY2tlbmQiLCJfYXV0aF91c2VyX2hhc2giOiJkNDIxODdjNjk2MmVhMTNhOWE0NDdkZDJjZWMzNjgyYzM3MjU3MDhmIn0=','2020-12-16 09:51:31.821000'),('dk7pxz2vsc0eei673934u7ay4mpmpdpu','MjEyNmMzZGMwNTg3MzE0Njg3ZTJjNjMzNGZhOGIzYWYxMTdiMGUxYjp7Il9hdXRoX3VzZXJfaWQiOiIxIiwiX2F1dGhfdXNlcl9iYWNrZW5kIjoiZGphbmdvLmNvbnRyaWIuYXV0aC5iYWNrZW5kcy5Nb2RlbEJhY2tlbmQiLCJfYXV0aF91c2VyX2hhc2giOiJhNDdiMDc3Mzc1MjZhMDc3MjI4N2FlYzRjMzBlY2NjMjg3YTg3NzJiIn0=','2020-12-17 05:02:08.077000'),('ef5id4zlj7g3qbyq5ftaveo8d930o0l0','MjEyNmMzZGMwNTg3MzE0Njg3ZTJjNjMzNGZhOGIzYWYxMTdiMGUxYjp7Il9hdXRoX3VzZXJfaWQiOiIxIiwiX2F1dGhfdXNlcl9iYWNrZW5kIjoiZGphbmdvLmNvbnRyaWIuYXV0aC5iYWNrZW5kcy5Nb2RlbEJhY2tlbmQiLCJfYXV0aF91c2VyX2hhc2giOiJhNDdiMDc3Mzc1MjZhMDc3MjI4N2FlYzRjMzBlY2NjMjg3YTg3NzJiIn0=','2020-12-17 08:23:28.752428'),('eonbqeqeiiy06b2qnspx1n22xr1572lw','MzFjMWEyZDgzZDQzZWViNDY0OGEzMGM5MmU1ODg4N2RkMWI0M2E3Yzp7Il9hdXRoX3VzZXJfaWQiOiIxIiwiX2F1dGhfdXNlcl9iYWNrZW5kIjoiZGphbmdvLmNvbnRyaWIuYXV0aC5iYWNrZW5kcy5Nb2RlbEJhY2tlbmQiLCJfYXV0aF91c2VyX2hhc2giOiJhNDdiMDc3Mzc1MjZhMDc3MjI4N2FlYzRjMzBlY2NjMjg3YTg3NzJiIiwiX21lbnVzIjoiW3tcIm5hbWVcIjogXCJCbG9nXCIsIFwiaWNvblwiOiBcImZhciBmYS1jaXJjbGVcIiwgXCJtb2RlbHNcIjogW3tcIm5hbWVcIjogXCJCbG9nIHR5cGVzXCIsIFwiaWNvblwiOiBcImZhciBmYS1jaXJjbGVcIiwgXCJ1cmxcIjogXCIvYWRtaW4vYmxvZy9ibG9ndHlwZS9cIiwgXCJhZGRVcmxcIjogXCIvYWRtaW4vYmxvZy9ibG9ndHlwZS9hZGQvXCIsIFwiYnJlYWRjcnVtYnNcIjogW3tcIm5hbWVcIjogXCJCbG9nXCIsIFwiaWNvblwiOiBcImZhciBmYS1jaXJjbGVcIn0sIHtcIm5hbWVcIjogXCJCbG9nIHR5cGVzXCIsIFwiaWNvblwiOiBcImZhciBmYS1jaXJjbGVcIn1dLCBcImVpZFwiOiAxMDAyfSwge1wibmFtZVwiOiBcIkJsb2dzXCIsIFwiaWNvblwiOiBcImZhciBmYS1jaXJjbGVcIiwgXCJ1cmxcIjogXCIvYWRtaW4vYmxvZy9ibG9nL1wiLCBcImFkZFVybFwiOiBcIi9hZG1pbi9ibG9nL2Jsb2cvYWRkL1wiLCBcImJyZWFkY3J1bWJzXCI6IFt7XCJuYW1lXCI6IFwiQmxvZ1wiLCBcImljb25cIjogXCJmYXIgZmEtY2lyY2xlXCJ9LCB7XCJuYW1lXCI6IFwiQmxvZ3NcIiwgXCJpY29uXCI6IFwiZmFyIGZhLWNpcmNsZVwifV0sIFwiZWlkXCI6IDEwMDN9XSwgXCJlaWRcIjogMTAwMX0sIHtcIm5hbWVcIjogXCJDb21tZW50XCIsIFwiaWNvblwiOiBcImZhciBmYS1jaXJjbGVcIiwgXCJtb2RlbHNcIjogW3tcIm5hbWVcIjogXCJDb21tZW50c1wiLCBcImljb25cIjogXCJmYXIgZmEtY2lyY2xlXCIsIFwidXJsXCI6IFwiL2FkbWluL2NvbW1lbnQvY29tbWVudC9cIiwgXCJhZGRVcmxcIjogXCIvYWRtaW4vY29tbWVudC9jb21tZW50L2FkZC9cIiwgXCJicmVhZGNydW1ic1wiOiBbe1wibmFtZVwiOiBcIkNvbW1lbnRcIiwgXCJpY29uXCI6IFwiZmFyIGZhLWNpcmNsZVwifSwge1wibmFtZVwiOiBcIkNvbW1lbnRzXCIsIFwiaWNvblwiOiBcImZhciBmYS1jaXJjbGVcIn1dLCBcImVpZFwiOiAxMDA1fV0sIFwiZWlkXCI6IDEwMDR9LCB7XCJuYW1lXCI6IFwiTGlrZXNcIiwgXCJpY29uXCI6IFwiZmFyIGZhLWNpcmNsZVwiLCBcIm1vZGVsc1wiOiBbe1wibmFtZVwiOiBcIkxpa2UgY291bnRzXCIsIFwiaWNvblwiOiBcImZhciBmYS1jaXJjbGVcIiwgXCJ1cmxcIjogXCIvYWRtaW4vbGlrZXMvbGlrZWNvdW50L1wiLCBcImFkZFVybFwiOiBcIi9hZG1pbi9saWtlcy9saWtlY291bnQvYWRkL1wiLCBcImJyZWFkY3J1bWJzXCI6IFt7XCJuYW1lXCI6IFwiTGlrZXNcIiwgXCJpY29uXCI6IFwiZmFyIGZhLWNpcmNsZVwifSwge1wibmFtZVwiOiBcIkxpa2UgY291bnRzXCIsIFwiaWNvblwiOiBcImZhciBmYS1jaXJjbGVcIn1dLCBcImVpZFwiOiAxMDA3fSwge1wibmFtZVwiOiBcIkxpa2UgcmVjb3Jkc1wiLCBcImljb25cIjogXCJmYXIgZmEtY2lyY2xlXCIsIFwidXJsXCI6IFwiL2FkbWluL2xpa2VzL2xpa2VyZWNvcmQvXCIsIFwiYWRkVXJsXCI6IFwiL2FkbWluL2xpa2VzL2xpa2VyZWNvcmQvYWRkL1wiLCBcImJyZWFkY3J1bWJzXCI6IFt7XCJuYW1lXCI6IFwiTGlrZXNcIiwgXCJpY29uXCI6IFwiZmFyIGZhLWNpcmNsZVwifSwge1wibmFtZVwiOiBcIkxpa2UgcmVjb3Jkc1wiLCBcImljb25cIjogXCJmYXIgZmEtY2lyY2xlXCJ9XSwgXCJlaWRcIjogMTAwOH1dLCBcImVpZFwiOiAxMDA2fSwge1wibmFtZVwiOiBcIlJlYWRfU3RhdGlzdGljc1wiLCBcImljb25cIjogXCJmYXIgZmEtY2lyY2xlXCIsIFwibW9kZWxzXCI6IFt7XCJuYW1lXCI6IFwiUmVhZCBkZXRhaWxzXCIsIFwiaWNvblwiOiBcImZhciBmYS1jaXJjbGVcIiwgXCJ1cmxcIjogXCIvYWRtaW4vcmVhZF9zdGF0aXN0aWNzL3JlYWRkZXRhaWwvXCIsIFwiYWRkVXJsXCI6IFwiL2FkbWluL3JlYWRfc3RhdGlzdGljcy9yZWFkZGV0YWlsL2FkZC9cIiwgXCJicmVhZGNydW1ic1wiOiBbe1wibmFtZVwiOiBcIlJlYWRfU3RhdGlzdGljc1wiLCBcImljb25cIjogXCJmYXIgZmEtY2lyY2xlXCJ9LCB7XCJuYW1lXCI6IFwiUmVhZCBkZXRhaWxzXCIsIFwiaWNvblwiOiBcImZhciBmYS1jaXJjbGVcIn1dLCBcImVpZFwiOiAxMDEwfSwge1wibmFtZVwiOiBcIlJlYWQgbnVtc1wiLCBcImljb25cIjogXCJmYXIgZmEtY2lyY2xlXCIsIFwidXJsXCI6IFwiL2FkbWluL3JlYWRfc3RhdGlzdGljcy9yZWFkbnVtL1wiLCBcImFkZFVybFwiOiBcIi9hZG1pbi9yZWFkX3N0YXRpc3RpY3MvcmVhZG51bS9hZGQvXCIsIFwiYnJlYWRjcnVtYnNcIjogW3tcIm5hbWVcIjogXCJSZWFkX1N0YXRpc3RpY3NcIiwgXCJpY29uXCI6IFwiZmFyIGZhLWNpcmNsZVwifSwge1wibmFtZVwiOiBcIlJlYWQgbnVtc1wiLCBcImljb25cIjogXCJmYXIgZmEtY2lyY2xlXCJ9XSwgXCJlaWRcIjogMTAxMX1dLCBcImVpZFwiOiAxMDA5fSwge1wibmFtZVwiOiBcIlVzZXJcIiwgXCJpY29uXCI6IFwiZmFyIGZhLWNpcmNsZVwiLCBcIm1vZGVsc1wiOiBbe1wibmFtZVwiOiBcIlByb2ZpbGVzXCIsIFwiaWNvblwiOiBcImZhciBmYS1jaXJjbGVcIiwgXCJ1cmxcIjogXCIvYWRtaW4vdXNlci9wcm9maWxlL1wiLCBcImFkZFVybFwiOiBcIi9hZG1pbi91c2VyL3Byb2ZpbGUvYWRkL1wiLCBcImJyZWFkY3J1bWJzXCI6IFt7XCJuYW1lXCI6IFwiVXNlclwiLCBcImljb25cIjogXCJmYXIgZmEtY2lyY2xlXCJ9LCB7XCJuYW1lXCI6IFwiUHJvZmlsZXNcIiwgXCJpY29uXCI6IFwiZmFyIGZhLWNpcmNsZVwifV0sIFwiZWlkXCI6IDEwMTN9XSwgXCJlaWRcIjogMTAxMn0sIHtcIm5hbWVcIjogXCJcXHU4YmE0XFx1OGJjMVxcdTU0OGNcXHU2Mzg4XFx1Njc0M1wiLCBcImljb25cIjogXCJmYXMgZmEtc2hpZWxkLWFsdFwiLCBcIm1vZGVsc1wiOiBbe1wibmFtZVwiOiBcIlxcdTc1MjhcXHU2MjM3XCIsIFwiaWNvblwiOiBcImZhciBmYS11c2VyXCIsIFwidXJsXCI6IFwiL2FkbWluL2F1dGgvdXNlci9cIiwgXCJhZGRVcmxcIjogXCIvYWRtaW4vYXV0aC91c2VyL2FkZC9cIiwgXCJicmVhZGNydW1ic1wiOiBbe1wibmFtZVwiOiBcIlxcdThiYTRcXHU4YmMxXFx1NTQ4Y1xcdTYzODhcXHU2NzQzXCIsIFwiaWNvblwiOiBcImZhcyBmYS1zaGllbGQtYWx0XCJ9LCB7XCJuYW1lXCI6IFwiXFx1NzUyOFxcdTYyMzdcIiwgXCJpY29uXCI6IFwiZmFyIGZhLXVzZXJcIn1dLCBcImVpZFwiOiAxMDE1fSwge1wibmFtZVwiOiBcIlxcdTdlYzRcIiwgXCJpY29uXCI6IFwiZmFzIGZhLXVzZXJzLWNvZ1wiLCBcInVybFwiOiBcIi9hZG1pbi9hdXRoL2dyb3VwL1wiLCBcImFkZFVybFwiOiBcIi9hZG1pbi9hdXRoL2dyb3VwL2FkZC9cIiwgXCJicmVhZGNydW1ic1wiOiBbe1wibmFtZVwiOiBcIlxcdThiYTRcXHU4YmMxXFx1NTQ4Y1xcdTYzODhcXHU2NzQzXCIsIFwiaWNvblwiOiBcImZhcyBmYS1zaGllbGQtYWx0XCJ9LCB7XCJuYW1lXCI6IFwiXFx1N2VjNFwiLCBcImljb25cIjogXCJmYXMgZmEtdXNlcnMtY29nXCJ9XSwgXCJlaWRcIjogMTAxNn1dLCBcImVpZFwiOiAxMDE0fV0ifQ==','2020-12-17 08:37:52.731084'),('eqwcvzn5mjdnwrt81117j3d2j6oz9265','ZjUwOTcwNzE2MTM2NjQzMzY5OTAzZTg1M2NlZDQ3NTZiYTk5MzgwNzp7Il9hdXRoX3VzZXJfaWQiOiIxIiwiX2F1dGhfdXNlcl9iYWNrZW5kIjoiZGphbmdvLmNvbnRyaWIuYXV0aC5iYWNrZW5kcy5Nb2RlbEJhY2tlbmQiLCJfYXV0aF91c2VyX2hhc2giOiJkNDIxODdjNjk2MmVhMTNhOWE0NDdkZDJjZWMzNjgyYzM3MjU3MDhmIn0=','2020-12-16 08:37:05.380000'),('mzcyt6mlnhn7j8cqxsfuyasx3gu5mrd5','MjEyNmMzZGMwNTg3MzE0Njg3ZTJjNjMzNGZhOGIzYWYxMTdiMGUxYjp7Il9hdXRoX3VzZXJfaWQiOiIxIiwiX2F1dGhfdXNlcl9iYWNrZW5kIjoiZGphbmdvLmNvbnRyaWIuYXV0aC5iYWNrZW5kcy5Nb2RlbEJhY2tlbmQiLCJfYXV0aF91c2VyX2hhc2giOiJhNDdiMDc3Mzc1MjZhMDc3MjI4N2FlYzRjMzBlY2NjMjg3YTg3NzJiIn0=','2020-12-17 05:09:08.262000'),('orvsp2qe26z3a4wav9qvwirv1yjtw50h','MzFkM2EwNTM0MGE4ZDk0N2M1NjY2NDgyYTZiZTNjMGY4ODc3ZGIzNjp7fQ==','2020-12-14 14:23:21.512000'),('pxpw5700ftxhi1c1rij8i4rmpneamycn','MjEyNmMzZGMwNTg3MzE0Njg3ZTJjNjMzNGZhOGIzYWYxMTdiMGUxYjp7Il9hdXRoX3VzZXJfaWQiOiIxIiwiX2F1dGhfdXNlcl9iYWNrZW5kIjoiZGphbmdvLmNvbnRyaWIuYXV0aC5iYWNrZW5kcy5Nb2RlbEJhY2tlbmQiLCJfYXV0aF91c2VyX2hhc2giOiJhNDdiMDc3Mzc1MjZhMDc3MjI4N2FlYzRjMzBlY2NjMjg3YTg3NzJiIn0=','2020-12-16 17:03:02.825000'),('qbbqbnj2yiwwzkj98j7si2a3jxeph0x4','ZjUwOTcwNzE2MTM2NjQzMzY5OTAzZTg1M2NlZDQ3NTZiYTk5MzgwNzp7Il9hdXRoX3VzZXJfaWQiOiIxIiwiX2F1dGhfdXNlcl9iYWNrZW5kIjoiZGphbmdvLmNvbnRyaWIuYXV0aC5iYWNrZW5kcy5Nb2RlbEJhY2tlbmQiLCJfYXV0aF91c2VyX2hhc2giOiJkNDIxODdjNjk2MmVhMTNhOWE0NDdkZDJjZWMzNjgyYzM3MjU3MDhmIn0=','2020-12-16 08:36:43.896000'),('spiu3yscg57rpoueaqcqynculsl8r9ys','ZjUwOTcwNzE2MTM2NjQzMzY5OTAzZTg1M2NlZDQ3NTZiYTk5MzgwNzp7Il9hdXRoX3VzZXJfaWQiOiIxIiwiX2F1dGhfdXNlcl9iYWNrZW5kIjoiZGphbmdvLmNvbnRyaWIuYXV0aC5iYWNrZW5kcy5Nb2RlbEJhY2tlbmQiLCJfYXV0aF91c2VyX2hhc2giOiJkNDIxODdjNjk2MmVhMTNhOWE0NDdkZDJjZWMzNjgyYzM3MjU3MDhmIn0=','2020-12-12 13:21:05.207000');
/*!40000 ALTER TABLE `django_session` ENABLE KEYS */;
UNLOCK TABLES;

--
-- Table structure for table `likes_likecount`
--

DROP TABLE IF EXISTS `likes_likecount`;
/*!40101 SET @saved_cs_client     = @@character_set_client */;
/*!50503 SET character_set_client = utf8mb4 */;
CREATE TABLE `likes_likecount` (
  `id` int NOT NULL AUTO_INCREMENT,
  `object_id` int unsigned NOT NULL,
  `liked_num` int NOT NULL,
  `content_type_id` int NOT NULL,
  PRIMARY KEY (`id`),
  KEY `likes_likecount_content_type_id_a33eb91e_fk_django_co` (`content_type_id`),
  CONSTRAINT `likes_likecount_content_type_id_a33eb91e_fk_django_co` FOREIGN KEY (`content_type_id`) REFERENCES `django_content_type` (`id`)
) ENGINE=InnoDB AUTO_INCREMENT=76 DEFAULT CHARSET=utf8mb4 COLLATE=utf8mb4_unicode_ci;
/*!40101 SET character_set_client = @saved_cs_client */;

--
-- Dumping data for table `likes_likecount`
--

LOCK TABLES `likes_likecount` WRITE;
/*!40000 ALTER TABLE `likes_likecount` DISABLE KEYS */;
INSERT INTO `likes_likecount` VALUES (1,36,1,8),(2,33,1,8),(3,30,1,8),(4,32,1,8),(5,31,1,8),(6,29,1,8),(7,28,0,8),(8,27,0,8),(9,26,0,8),(10,25,1,8),(11,86,1,12),(12,87,1,12),(13,88,1,12),(14,89,1,12),(15,117,1,12),(16,80,0,12),(17,81,0,12),(18,82,0,12),(19,83,1,12),(20,84,0,12),(21,78,0,12),(22,79,0,12),(23,77,0,12),(24,11,0,12),(25,10,0,12),(26,9,0,12),(27,8,0,12),(28,7,0,12),(29,6,0,12),(30,118,1,12),(31,119,1,12),(32,60,0,12),(33,120,1,12),(34,121,1,12),(35,122,1,12),(36,123,1,12),(37,124,0,12),(38,5,0,12),(39,4,0,12),(40,3,0,12),(41,2,0,12),(42,5,0,8),(43,3,0,8),(44,2,0,8),(45,92,0,12),(46,93,0,12),(47,94,0,12),(48,95,0,12),(49,96,0,12),(50,97,0,12),(51,98,0,12),(52,99,0,12),(53,100,0,12),(54,101,0,12),(55,102,0,12),(56,103,0,12),(57,104,0,12),(58,105,0,12),(59,106,0,12),(60,91,0,12),(61,90,0,12),(62,125,0,12),(63,126,0,12),(64,127,0,12),(65,128,0,12),(66,129,0,12),(67,130,0,12),(68,131,0,12),(69,132,0,12),(70,133,0,12),(71,135,0,12),(72,134,0,12),(73,136,0,12),(74,137,0,12),(75,138,0,12);
/*!40000 ALTER TABLE `likes_likecount` ENABLE KEYS */;
UNLOCK TABLES;

--
-- Table structure for table `likes_likerecord`
--

DROP TABLE IF EXISTS `likes_likerecord`;
/*!40101 SET @saved_cs_client     = @@character_set_client */;
/*!50503 SET character_set_client = utf8mb4 */;
CREATE TABLE `likes_likerecord` (
  `id` int NOT NULL AUTO_INCREMENT,
  `object_id` int unsigned NOT NULL,
  `liked_time` datetime(6) NOT NULL,
  `content_type_id` int NOT NULL,
  `user_id` int NOT NULL,
  PRIMARY KEY (`id`),
  KEY `likes_likerecord_content_type_id_4e35de35_fk_django_co` (`content_type_id`),
  KEY `likes_likerecord_user_id_c85b88bd_fk_auth_user_id` (`user_id`),
  CONSTRAINT `likes_likerecord_content_type_id_4e35de35_fk_django_co` FOREIGN KEY (`content_type_id`) REFERENCES `django_content_type` (`id`),
  CONSTRAINT `likes_likerecord_user_id_c85b88bd_fk_auth_user_id` FOREIGN KEY (`user_id`) REFERENCES `auth_user` (`id`)
) ENGINE=InnoDB AUTO_INCREMENT=37 DEFAULT CHARSET=utf8mb4 COLLATE=utf8mb4_unicode_ci;
/*!40101 SET character_set_client = @saved_cs_client */;

--
-- Dumping data for table `likes_likerecord`
--

LOCK TABLES `likes_likerecord` WRITE;
/*!40000 ALTER TABLE `likes_likerecord` DISABLE KEYS */;
INSERT INTO `likes_likerecord` VALUES (2,33,'2020-12-01 18:02:18.735000',8,1),(3,30,'2020-12-01 18:07:02.407000',8,1),(4,32,'2020-12-01 18:08:23.791000',8,1),(5,29,'2020-12-01 18:15:58.775000',8,1),(13,31,'2020-12-01 18:24:22.404000',8,1),(14,25,'2020-12-01 18:24:36.366000',8,1),(18,86,'2020-12-02 06:59:27.116000',12,1),(21,87,'2020-12-02 07:02:41.700000',12,1),(22,88,'2020-12-02 07:02:42.443000',12,1),(23,89,'2020-12-02 07:02:43.603000',12,1),(24,117,'2020-12-02 07:02:43.955000',12,1),(26,118,'2020-12-02 07:45:30.489000',12,1),(27,120,'2020-12-02 07:45:53.400000',12,1),(28,121,'2020-12-02 07:48:17.432000',12,1),(29,122,'2020-12-02 07:48:46.800000',12,1),(30,123,'2020-12-02 07:49:28.439000',12,1),(32,83,'2020-12-02 09:33:22.095000',12,1),(35,36,'2020-12-02 17:03:06.045000',8,1),(36,119,'2020-12-03 05:03:23.888000',12,1);
/*!40000 ALTER TABLE `likes_likerecord` ENABLE KEYS */;
UNLOCK TABLES;

--
-- Table structure for table `my_cache_table`
--

DROP TABLE IF EXISTS `my_cache_table`;
/*!40101 SET @saved_cs_client     = @@character_set_client */;
/*!50503 SET character_set_client = utf8mb4 */;
CREATE TABLE `my_cache_table` (
  `cache_key` varchar(255) COLLATE utf8mb4_unicode_ci NOT NULL,
  `value` longtext COLLATE utf8mb4_unicode_ci NOT NULL,
  `expires` datetime(6) NOT NULL,
  PRIMARY KEY (`cache_key`),
  KEY `my_cache_table_expires` (`expires`)
) ENGINE=InnoDB DEFAULT CHARSET=utf8mb4 COLLATE=utf8mb4_unicode_ci;
/*!40101 SET character_set_client = @saved_cs_client */;

--
-- Dumping data for table `my_cache_table`
--

LOCK TABLES `my_cache_table` WRITE;
/*!40000 ALTER TABLE `my_cache_table` DISABLE KEYS */;
INSERT INTO `my_cache_table` VALUES (':1:hot_blogs_for_7_data','gASVZAoAAAAAAACMFmRqYW5nby5kYi5tb2RlbHMucXVlcnmUjAhRdWVyeVNldJSTlCmBlH2UKIwFbW9kZWyUjAtibG9nLm1vZGVsc5SMBEJsb2eUk5SMA19kYpROjAZfaGludHOUfZSMBXF1ZXJ5lIwaZGphbmdvLmRiLm1vZGVscy5zcWwucXVlcnmUjAVRdWVyeZSTlCmBlH2UKGgFaAiMDmFsaWFzX3JlZmNvdW50lH2UKIwJYmxvZ19ibG9nlEsEjBpyZWFkX3N0YXRpc3RpY3NfcmVhZGRldGFpbJRLA3WMCWFsaWFzX21hcJSMC2NvbGxlY3Rpb25zlIwLT3JkZXJlZERpY3SUk5QpUpQoaBSMI2RqYW5nby5kYi5tb2RlbHMuc3FsLmRhdGFzdHJ1Y3R1cmVzlIwJQmFzZVRhYmxllJOUKYGUfZQojAp0YWJsZV9uYW1llGgUjAt0YWJsZV9hbGlhc5RoFHViaBVoG4wESm9pbpSTlCmBlH2UKGggaBWMDHBhcmVudF9hbGlhc5RoFGghaBWMCWpvaW5fdHlwZZSMCklOTkVSIEpPSU6UjAlqb2luX2NvbHOUjAJpZJSMCW9iamVjdF9pZJSGlIWUjApqb2luX2ZpZWxklIwiZGphbmdvLmNvbnRyaWIuY29udGVudHR5cGVzLmZpZWxkc5SMCkdlbmVyaWNSZWyUk5QpgZR9lCiMBWZpZWxklIwXZGphbmdvLmRiLm1vZGVscy5maWVsZHOUjAtfbG9hZF9maWVsZJSTlIwEYmxvZ5RoB4wMcmVhZF9kZXRhaWxzlIeUUpRoBYwWcmVhZF9zdGF0aXN0aWNzLm1vZGVsc5SMClJlYWREZXRhaWyUk5SMDHJlbGF0ZWRfbmFtZZSMASuUjBJyZWxhdGVkX3F1ZXJ5X25hbWWUTowQbGltaXRfY2hvaWNlc190b5R9lIwLcGFyZW50X2xpbmuUiYwJb25fZGVsZXRllIwZZGphbmdvLmRiLm1vZGVscy5kZWxldGlvbpSMCkRPX05PVEhJTkeUk5SMC3N5bW1ldHJpY2FslImMCG11bHRpcGxllIh1YowIbnVsbGFibGWUiIwRZmlsdGVyZWRfcmVsYXRpb26UTnVidYwQZXh0ZXJuYWxfYWxpYXNlc5SPlIwJdGFibGVfbWFwlH2UKGgUXZRoFGFoFV2UaBVhdYwMZGVmYXVsdF9jb2xzlImMEGRlZmF1bHRfb3JkZXJpbmeUiIwRc3RhbmRhcmRfb3JkZXJpbmeUiIwMdXNlZF9hbGlhc2VzlI+UjBBmaWx0ZXJfaXNfc3RpY2t5lImMCHN1YnF1ZXJ5lImMBnNlbGVjdJSMHGRqYW5nby5kYi5tb2RlbHMuZXhwcmVzc2lvbnOUjANDb2yUk5QpgZR9lCiMEV9jb25zdHJ1Y3Rvcl9hcmdzlGgUaDdoOGgHaCqHlFKUhpR9lIaUjAxvdXRwdXRfZmllbGSUaGKMBWFsaWFzlGgUjAZ0YXJnZXSUaGJ1YmhdKYGUfZQoaGBoFGg3aDhoB4wFdGl0bGWUh5RSlIaUfZSGlGhmaG1oZ2gUaGhobXVihpSMBXdoZXJllIwaZGphbmdvLmRiLm1vZGVscy5zcWwud2hlcmWUjAlXaGVyZU5vZGWUk5QpgZR9lCiMCGNoaWxkcmVulF2UKIwYZGphbmdvLmRiLm1vZGVscy5sb29rdXBzlIwSR3JlYXRlclRoYW5PckVxdWFslJOUKYGUfZQojANsaHOUaF0pgZR9lChoYGgVaDeMD3JlYWRfc3RhdGlzdGljc5RoPYwEZGF0ZZSHlFKUhpR9lIaUaGZohWhnaBVoaGiFjBJjb250YWluc19hZ2dyZWdhdGWUiXVijANyaHOUjAhkYXRldGltZZSMBGRhdGWUk5RDBAfkCxqUhZRSlIwUYmlsYXRlcmFsX3RyYW5zZm9ybXOUXZRoiYl1Ymh6jAhMZXNzVGhhbpSTlCmBlH2UKGh/aIBoimiNQwQH5AwDlIWUUpRokV2UaImJdWJljAljb25uZWN0b3KUjANBTkSUjAduZWdhdGVklIloiYl1YowLd2hlcmVfY2xhc3OUaHWMCGdyb3VwX2J5lGheaGmGlIwIb3JkZXJfYnmUjA0tcmVhZF9udW1fc3VtlIWUjAhsb3dfbWFya5RLAIwJaGlnaF9tYXJrlEsHjAhkaXN0aW5jdJSJjA9kaXN0aW5jdF9maWVsZHOUKYwRc2VsZWN0X2Zvcl91cGRhdGWUiYwYc2VsZWN0X2Zvcl91cGRhdGVfbm93YWl0lImMHXNlbGVjdF9mb3JfdXBkYXRlX3NraXBfbG9ja2VklImMFHNlbGVjdF9mb3JfdXBkYXRlX29mlCmMDnNlbGVjdF9yZWxhdGVklImMCW1heF9kZXB0aJRLBYwNdmFsdWVzX3NlbGVjdJRoKmhrhpSMDF9hbm5vdGF0aW9uc5RoGSlSlIwMcmVhZF9udW1fc3VtlIwbZGphbmdvLmRiLm1vZGVscy5hZ2dyZWdhdGVzlIwDU3VtlJOUKYGUfZQoaGCMFnJlYWRfZGV0YWlsc19fcmVhZF9udW2UhZR9lIaUjAZmaWx0ZXKUTowSc291cmNlX2V4cHJlc3Npb25zlF2UaF0pgZR9lChoYGgVaDdogmg9jAhyZWFkX251bZSHlFKUhpR9lIaUaGZow2hnaBVoaGjDjBVfb3V0cHV0X2ZpZWxkX29yX25vbmWUaMNoiYl1YmGMBWV4dHJhlH2UjAppc19zdW1tYXJ5lIloZmjDdWJzjBZhbm5vdGF0aW9uX3NlbGVjdF9tYXNrlI+UKGiykIwYX2Fubm90YXRpb25fc2VsZWN0X2NhY2hllGgZKVKUaLJotnOMCmNvbWJpbmF0b3KUTowOY29tYmluYXRvcl9hbGyUiYwQY29tYmluZWRfcXVlcmllc5QpjAZfZXh0cmGUTowRZXh0cmFfc2VsZWN0X21hc2uUj5SME19leHRyYV9zZWxlY3RfY2FjaGWUTowMZXh0cmFfdGFibGVzlCmMDmV4dHJhX29yZGVyX2J5lCmMEGRlZmVycmVkX2xvYWRpbmeUKJGUiIaUjBNfZmlsdGVyZWRfcmVsYXRpb25zlH2UjA1leHBsYWluX3F1ZXJ5lImMDmV4cGxhaW5fZm9ybWF0lE6MD2V4cGxhaW5fb3B0aW9uc5R9lIwNX2xvb2t1cF9qb2luc5RdlChoFGgVZYwKYmFzZV90YWJsZZRoFHVijA1fcmVzdWx0X2NhY2hllF2UjA5fc3RpY2t5X2ZpbHRlcpSJjApfZm9yX3dyaXRllImMGV9wcmVmZXRjaF9yZWxhdGVkX2xvb2t1cHOUKYwOX3ByZWZldGNoX2RvbmWUiYwWX2tub3duX3JlbGF0ZWRfb2JqZWN0c5R9lIwPX2l0ZXJhYmxlX2NsYXNzlGgAjA5WYWx1ZXNJdGVyYWJsZZSTlIwHX2ZpZWxkc5RoKmhrhpSMD19kamFuZ29fdmVyc2lvbpSMBTIuMS43lHViLg==','2020-12-03 09:12:58.000000');
/*!40000 ALTER TABLE `my_cache_table` ENABLE KEYS */;
UNLOCK TABLES;

--
-- Table structure for table `read_statistics_readdetail`
--

DROP TABLE IF EXISTS `read_statistics_readdetail`;
/*!40101 SET @saved_cs_client     = @@character_set_client */;
/*!50503 SET character_set_client = utf8mb4 */;
CREATE TABLE `read_statistics_readdetail` (
  `id` int NOT NULL AUTO_INCREMENT,
  `date` date NOT NULL,
  `read_num` int NOT NULL,
  `object_id` int unsigned NOT NULL,
  `content_type_id` int NOT NULL,
  PRIMARY KEY (`id`),
  KEY `read_statistics_read_content_type_id_589c7d92_fk_django_co` (`content_type_id`),
  CONSTRAINT `read_statistics_read_content_type_id_589c7d92_fk_django_co` FOREIGN KEY (`content_type_id`) REFERENCES `django_content_type` (`id`)
) ENGINE=InnoDB AUTO_INCREMENT=39 DEFAULT CHARSET=utf8mb4 COLLATE=utf8mb4_unicode_ci;
/*!40101 SET character_set_client = @saved_cs_client */;

--
-- Dumping data for table `read_statistics_readdetail`
--

LOCK TABLES `read_statistics_readdetail` WRITE;
/*!40000 ALTER TABLE `read_statistics_readdetail` DISABLE KEYS */;
INSERT INTO `read_statistics_readdetail` VALUES (1,'2020-11-28',101,36,8),(2,'2020-11-29',1,30,8),(3,'2020-11-29',1,19,8),(4,'2020-11-29',1,24,8),(5,'2020-11-29',1,32,8),(6,'2020-11-29',1,28,8),(7,'2020-11-29',1,20,8),(8,'2020-11-29',1,18,8),(9,'2020-11-30',1,33,8),(10,'2020-11-30',1,29,8),(11,'2020-11-30',1,36,8),(12,'2020-11-30',1,5,8),(13,'2020-11-30',1,18,8),(14,'2020-11-30',1,20,8),(15,'2020-11-30',1,28,8),(16,'2020-11-30',1,32,8),(17,'2020-11-30',1,31,8),(18,'2020-11-30',1,4,8),(19,'2020-11-30',1,1,8),(20,'2020-12-01',2,29,8),(21,'2020-12-01',3,20,8),(22,'2020-12-01',1,21,8),(23,'2020-12-01',2,33,8),(24,'2020-12-01',2,36,8),(25,'2020-12-01',1,32,8),(26,'2020-12-01',1,5,8),(27,'2020-12-01',1,3,8),(28,'2020-12-01',1,30,8),(29,'2020-12-01',1,31,8),(30,'2020-12-01',1,28,8),(31,'2020-12-01',1,27,8),(32,'2020-12-01',1,26,8),(33,'2020-12-01',1,25,8),(34,'2020-12-02',2,36,8),(35,'2020-12-02',1,33,8),(36,'2020-12-02',1,32,8),(37,'2020-12-02',1,5,8),(38,'2020-12-03',1,36,8);
/*!40000 ALTER TABLE `read_statistics_readdetail` ENABLE KEYS */;
UNLOCK TABLES;

--
-- Table structure for table `read_statistics_readnum`
--

DROP TABLE IF EXISTS `read_statistics_readnum`;
/*!40101 SET @saved_cs_client     = @@character_set_client */;
/*!50503 SET character_set_client = utf8mb4 */;
CREATE TABLE `read_statistics_readnum` (
  `id` int NOT NULL AUTO_INCREMENT,
  `read_num` int NOT NULL,
  `object_id` int unsigned NOT NULL,
  `content_type_id` int NOT NULL,
  PRIMARY KEY (`id`),
  KEY `read_statistics_read_content_type_id_560f0f39_fk_django_co` (`content_type_id`),
  CONSTRAINT `read_statistics_read_content_type_id_560f0f39_fk_django_co` FOREIGN KEY (`content_type_id`) REFERENCES `django_content_type` (`id`)
) ENGINE=InnoDB AUTO_INCREMENT=22 DEFAULT CHARSET=utf8mb4 COLLATE=utf8mb4_unicode_ci;
/*!40101 SET character_set_client = @saved_cs_client */;

--
-- Dumping data for table `read_statistics_readnum`
--

LOCK TABLES `read_statistics_readnum` WRITE;
/*!40000 ALTER TABLE `read_statistics_readnum` DISABLE KEYS */;
INSERT INTO `read_statistics_readnum` VALUES (1,107,36,8),(2,2,19,8),(3,5,5,8),(4,1,6,8),(5,1,2,8),(6,5,33,8),(7,3,31,8),(8,4,29,8),(9,4,30,8),(10,1,24,8),(11,4,32,8),(12,3,28,8),(13,5,20,8),(14,2,18,8),(15,1,4,8),(16,1,1,8),(17,1,21,8),(18,1,3,8),(19,1,27,8),(20,1,26,8),(21,1,25,8);
/*!40000 ALTER TABLE `read_statistics_readnum` ENABLE KEYS */;
UNLOCK TABLES;

--
-- Table structure for table `user_profile`
--

DROP TABLE IF EXISTS `user_profile`;
/*!40101 SET @saved_cs_client     = @@character_set_client */;
/*!50503 SET character_set_client = utf8mb4 */;
CREATE TABLE `user_profile` (
  `id` int NOT NULL AUTO_INCREMENT,
  `nickname` varchar(20) COLLATE utf8mb4_unicode_ci NOT NULL,
  `user_id` int NOT NULL,
  PRIMARY KEY (`id`),
  UNIQUE KEY `user_id` (`user_id`),
  CONSTRAINT `user_profile_user_id_8fdce8e2_fk_auth_user_id` FOREIGN KEY (`user_id`) REFERENCES `auth_user` (`id`)
) ENGINE=InnoDB AUTO_INCREMENT=3 DEFAULT CHARSET=utf8mb4 COLLATE=utf8mb4_unicode_ci;
/*!40101 SET character_set_client = @saved_cs_client */;

--
-- Dumping data for table `user_profile`
--

LOCK TABLES `user_profile` WRITE;
/*!40000 ALTER TABLE `user_profile` DISABLE KEYS */;
INSERT INTO `user_profile` VALUES (1,'两条大狗',2),(2,'四条大狗',1);
/*!40000 ALTER TABLE `user_profile` ENABLE KEYS */;
UNLOCK TABLES;
/*!40103 SET TIME_ZONE=@OLD_TIME_ZONE */;

/*!40101 SET SQL_MODE=@OLD_SQL_MODE */;
/*!40014 SET FOREIGN_KEY_CHECKS=@OLD_FOREIGN_KEY_CHECKS */;
/*!40014 SET UNIQUE_CHECKS=@OLD_UNIQUE_CHECKS */;
/*!40101 SET CHARACTER_SET_CLIENT=@OLD_CHARACTER_SET_CLIENT */;
/*!40101 SET CHARACTER_SET_RESULTS=@OLD_CHARACTER_SET_RESULTS */;
/*!40101 SET COLLATION_CONNECTION=@OLD_COLLATION_CONNECTION */;
/*!40111 SET SQL_NOTES=@OLD_SQL_NOTES */;

-- Dump completed on 2020-12-03 18:28:16
